kh0dv1dq8z,b27pn8zb8w
u921c1vr6z,us5j961h68
4b2u34nk1p,hh6c24rq2k
vt1gh9cg80,736m03zt3g
tt4fn11z8m,zk55d8pr0z
2b8v980j1z,9w08w3926w
8w3804zj4q,jd4pk0828f
1c1td9p107,rv0cv4cz0h
n58cf9kb1m,7w6736n14g
445h990827,0c4sj1bh0v
m61bk17t2k,qz22b8wk3d
bn9u05z87g,348gf0nr48
kd1qf8kh81,000000355n,7h1dj5cp9s,c824b31g04
qf8jd4t305,b853f4pz1r,v69862fv2d
1r6n012w4w,s756d5st44,5h7br8qn8j
pg1hh6gk2b,z02z31s34c
rb6vu09f8d,4j09w0d474,d21rf5pp4j
zw18k78g1f,gt5fb50u7t,t43hu1962s
jm23b60n7s,930ns0q42w,ww76t0mf5v
nc5s759w9g,862b856r62,hm52f7p45q
vu05u28u43,bz6154j082,mc8rb70c69
kd1qf8nv7z,3f4kk97g78,tu3513zd25
2f7jq0wz6c,9z90866g9w
0c4sj1ds25,445h992j37,vm42r3sg27
m32n58gu47,gb1ud0v53d,bn9u061j62
zc7rn33q5f,348gf0r146,tm71v5fz04
pv6b27t567,9p2w37q17z,ff3kw5bs8r
df6k07188n,sn00z74d9f,251fj2dh4r
154dn4302w,3u83j3d73b,cf9j38pr98
qr4nk39j4n,bg2h70c81z
9g5gb21q8c,k06ww7b85w,z892808j7m
sj19k4988v,4t6f18wm08,j09w090r5j
v97zk59123,c824b31g1f,h12v40p729
z31ng4m83m,qj77s7n77m,bc3st7j343
1v5bc3u22v,js9h41nz4k,9c6ru96k5u
0v89g5kh98,nk3611066v,8c9r20w25q
rb6vu09f9q,c53dz0697m
hq3rv0h93n,4j09w0d48f,ng4gm85251
w08w95427k,r785h7g97t,0r9m32rc7c
3j39022m9d,gq6qz25s07,mg7fq9tj41
v11vd6sj9j,zs2k64fb0v,q814m94s7c
fq9q23v817,kh0dv1h129,b27pn91n26
2j6833r39z,696zw1cw14,us5j963t1p
t14th8g17p,p843r0t83s
jh3cz35h2t,930ns0q436,dv1cj8bw40
bn9u061j8p,599z032c2b
zc7rn33q6r,348gf0r15h,6w9668cs69
k649p30k1q,pv6b27t58v,tm71v5fz1f
5u25b0287h,9p2w37q188,ff3kw5bt0j
8p5v69ch93,n00zp40936,h707w6bj1t
7p8tb1209z,cf9j38ps0r
vh5cc0z977,057cr5rg4t,3u83j3d75z
m03us5ns54,g73708114n,qr4nk39j68
319s17ww0b,bg2h70c828,z892808j97
pr7mp50161,k06ww7b866,th8bg2ms82
9g5gb21r05,f76639ph3n,5t3fu77414
u921c1z209,222r49kb9n,sj19k49895
j09w090r6v,ns0ks6nh99
8k74t6jc47,4t6f18wm2w,125q817v0r
h12v40p74u,rj48p5zs0z,w950g3mj14
v97zk5913d,7m03u86v4s,cc0tq5vm78
ks6j100g5k,z31ng4m84u,bc3st7j36q
1v5bc3u235,u34mk68r1h,9c6ru96k67
d50ft8ht7r,0v89g5kj12,np1wd3tc1j
c53dz0698u,rf5k934m3j
b56d21vs9p,v69862fv41,kp7tm75b1t
959c53j884,z02z31s379,jq0sq8tt3s
s756d5st6r,u05u63fk84,ng4gm8526b
cz3222vj1d,8911n81u3p,hq3rv0h94z
0r9m32rc8p,w08w95428w,4j09w0d507
q814m94s8p,c24qj7c55m,zs2k64fb15
b27pn91n4t,t14th8g180,2j6833r40f
dv1cj8bw6m,cv4bp01c6g,hm52f7p48n
4b2u34qv49,0k2697330r,833mw2cm5b
r49g44n51p,vt1gh9fs0g,mc8rb70c97
3b5w66db2f,736m04236j,gm81j9bm7v
zk55d8s12h,q52f769n17,tu3513zd4s
fn10p11382,9w08w3cb7w
ft8df6pd8p,kk9474b62z,qb9v11zz28
2n4zg6k855,6d5p84717n,b56d21vt05
t43hu1964d,uw47p8uz50,jm23b60p0w
5d8nc5wh7z,959c53j89f,dz02z1623k
nc5s759u2k,cz3222vj2q,ww76t0mf7g
4f1mg7k07r,bz6154j115,r49g44n520
zp3vt1m58n,3f4kk97g9w
2f7jq0wz80,up6tu38n6j,9z90866h1p
dr2p55hr3d,5717m0770f
804ug9jg1q,hh6c24v044,n872v2gr67
zk55d8s13t,vt1gh9fs1s,gh9b56hg7k
fj29885z6t,2b8v982t38,q23qv3gh0h
dn3zs2pm02,p26pz5501k,542j67d241
cn6uw4c29b,n29p26tf97
0c4sj1ds4s,7w6736q973,qv3bz64q18
6w9668cs7m,348gf0r16t,m61bk1b35f
tm71v5fz32,zc7rn33q72,pz51g0nb6w
ud0qr4s64q,k649p30k3b,5u25b0288t
nz80k29t4s,df6k07190f,4u54f1qr9f
cf9j38ps12,h707w6bj24,3u83j3d77k
vh5cc0z99v,m03us5ns6f
pr7mp5017b,z892808k11,6t0gt5jn5m
s46h12wz2z,1j9765bw0p,ww76t0jq3z
hm52f7md5f,nc5s758584,cv4bn9zn3z
4b2u34p41b,0p0wp9vh3c,833mw29w24
vu05u2763r,r49g44kd9m,mc8rb6un6t
bv79s1n444,736m040c3b,gm81j98w4n
zp3vt1jf5f,3f4kk95r6p
q52f767w95,tu3513wp2w,kd1qf8m47u
fn10p0zc78,6688g8h07d,9w08w39m69
2f7jq0v751,up6tu36u3b,su6445k51b
dn3zs2mv7p,jd4pk08m95,p55db7uc9q
1g0ht2hq3z,5717m05g6r,901zc7t794
wp9t14wd31,ru93777n1v,n58cf9kw11
cr5n874h2k,hh6c24s827,804ug9gq9n
4746q1tz62,0g3gu46641,vq2s46jw4w
qz22b8u44c,gh9b56fr4c,m901z43h44
br8mc8t00h,3775t3hf5h,707wm1567w
tq5r787c5z,q23qv3dr74,zg6g15w45m
k93125s06f,610vq2tp77,fj2988472j
9s1kh0gf9p,2804u55u52
st7dr2r094,ug9f47jm7r,p26pz5379h
8s4jm24z0p,dj58c9sq2v,j96057fg5n
wm13n2281b,513tt4h59m,183416vd8p
rv0cv4dh05,n29p26rq61,h98z893z3f
416su65n94,cj87h1g61d,7s7hq3td9r
0c4sj1c21t,m32n58f646,vm42r3qr1n
gb1ud0sf2t,bk16m34p1z,6t0gt5gu0s
348gf0p94u,tm71v5d703,zc7rn32043
k35m903p54,fb4wh2fu4z,pv6b27rf78
9k45q4t534,5u25b00j5m
ud0qr4qg1h,251fj2bs35,sn00z72p95
db7vm44d6b,j38kd1s579,nv9959du7s
154dn41819,4u54f1p14v,8p5v699s6w
wd3pv6cz11,rn3028r59v
h41jh3fn85,mw28913d99,cf9j38n197
7p8tb1088c,3u83j3bh4c,057cr5pr2u
qn5z60dp3s,m03us5m23g,vd6nz82f23
6q1sf2nr7d,g73707z92j,bg2h709j0c
td9n29qu5g,2z12n5105g,z60bv7cp57
k06ww78j30,f76639ms1r,pr7mp4u93m
1z41r6pg5s,5q4rj4b76v,9g5gb2008b
sj19k47j78,u639z9257m,ns0ks6ks7d
8g8ff3ng9z,j09w08z140,d79571981m
4q7qn60q7p,0z70v8bz7u,w950g3jt0j
h12v40mh3b,ms3jw8886v,rj48p5u19f
7h1dj59z9h,3r0pr7p69w,c824b2zr1z
v97zk5791h,028pc2vk9j,qj77s7kh61
ks6j09ur3c,g15t72901g
b853f4n70d,6h4cn70f98,2v2c825v21
z31ng4jj3b,tb0up6wr92,pk06w9806t
js9h41m74j,9882j69q2j,f18sb3zg23
1v5bc3vb2k,5m6251h342
sb3ws8k78h,u34mk67105,nk3610ug6c
8c9r20tb44,ht2g738q6q,d21rf5mz5k
0v89g5hs90,4m91835k38,w37kp7wg90
rb6vu07q7t,mk6542kz76,gt5fb4z668
7d2q52gt69,3n20c4v22j
qb9v11u70m,v40js9k008,zw18k76r2g
b56d21t28b,fu73t9fv0g,kp7tm73m07
uw47p8w73b,2n4zg6hj38,6d5p84595r
jq0sq8s314,pg1hh6dv1r,t43hu17g3t
dz02z14b0c,959c53gj67
1n7uk8612q,ww76t0jq48,5d8nc5ts4r
ng4gm83b4f,hq3rv0fk1r,s756d5r343
862b855161,cz3222ss81,4f1mg7h84j
w08w952b79,0p0wp9vh4p,r785h7dk7j
mg7fq9rt4r,bz6154g893,gq6qz2421h
3f4kk95r70,7659c6th7n
v11vd6qt8z,zs2k64ck93,q814m9325q
9z90864r89,fq9q23sj0n,kh0dv1f921
2j6833pc8c,6688g8h08q,us5j96230b
t14th8d963,jh3cz33s17,p843r0rj3h
dr2p55g10f,599z030n22,901zc7t80m
s17sn02s6q,ws8hd7qj95,1j9765bw10
n872v2f14k,hh6c24s83j
cr5n874h3w,833mw29w3f,4b2u34p42n
0k26971b8p,vt1gh9d18n,r20rr1r869
gh9b56fr5p,bv79s1n45f,m901z43h5f
zk55d8q90m,736m040c4n,3b5w66bm0j
tt4fn12h88,q23qv3dr8f,kd1qf8m487
639k35nv3n,9w08w39m7m,fn10p0zc8k
uk84j0cs1j,2b8v98131m
p55db7ud06,jd4pk08n0n,st7dr2r10m
8w3805034k,542j67bb24,dn3zs2mv80
wm13n2282n,1c1td9pk0n,ru93777n25
hd7np1z406,n58cf9kw2b,cn6uw49b64
7w6736nk4w,445h990t2n,0c4sj1c224
qz22b8u45p,vq2s46jw56,m61bk18c3j
bn9u05zt7w,gf0ms3mk98
6w9668b25z,zg6g15w46u,348gf0p957
n00zp3wu8s,6w96689p32
h98z893992,348gf0nu21
7s7hq3ss6m,tq5r787039
pz51g0k711,vh5cc0vz1w
gf0ms3m67m,m32n58dk12
k649p2uf83,7w6736n63j,gb1ud0rt00
319s17th3r,9s1kh0j85j,rv0cv4d38b,ff3kw58p6t
5u25b0053z,jd4pk0877h,z892806634
pv6b27qt3t,ug9f47j753,639k35ng10
k35m903227,nz80k27q07
5t3fu74r5m,df6k06z56h,q23qv3dc6s
bv79s1mr3j,8p5v699d6v,222r49h04v
4u54f1nn4k,nv9959d94w,vt1gh9cn72
j38kd1rj3v,804ug9gb70,183416v161
8k74t6g07n,wh2d796q5n
rr1pg1jz2z,125q815g5s
n00zp3u60r,wd3pv6c98z
tm71v5d85u,wd3pv6cs1n
h707w68d8d,rn3028qj71
mw28912s65,cf9j38mn8n
fu73t9ff7b,7p8tb0zw7k,h41jh3f14z
7d2q52gf3b,cc0tq5s815,416su6587g
js9h41kv2n,7m03u84g9t,086348hh57
vh5cc0w659,4m9183561m,057cr5p39v
jm23b5u28q,pc2t43jv1b
3r0pr7nf7z,5q4rj49w00
1z41r6p390,7d2q52g876
sf2m61d15b,3n20c4th4h
vu05u26f1t,qz22b8wf0c
2n4zg6h43z,1n7uk8634w
qn5z60d83g,w66930qq81
z31ng4j44b,959c53gk3k
j09w08z23z,fu73t9ff05
rv0cv4dj22,t72794265j
cz3222sv2q,5h7br8nj0r
ng4gm82u56,w950g3jv89
hd7np1z598,3j39020h09
930ns0n04u,mg7fq9rw5m
s46h12wj5k,sj19k47n2j
mk6542m06d,4b2u34nq4q
bk16m3484k,3u83j3bj4n
tm71v5ct25,br8mc8t13q
v40js9k153,fb4wh2fh68
ud0qr4q244,g44hm5465j
3775t3hh6c,db7vm4408n
ht2g738s96,wd3pv6cj4n
m901z43j1g,cf9j38mn1g
fu73t9fv98,057cr5pb47
zs2k64cn2g,p843r0r464
n872v2dm6n,ks6j09us9h
bn9u05zw5t,vt1gh9cn16
gh9b56fb6p,kh0dv1fc3w
f47gq6sq0k,zk55d8pw2p
hm52f7mf2s,k93125rk9t
uk84j0cc2j,z60bv7cq5h
df6k06z50n,2804u55z7z
zp3vt1j182,1z41r6pj3q
2f7jq0tt9q,jm23b5z017
sq8qb9wu4h,0g3gu45s63
1v5bc3tw9u,804ug9gs0d
w08w952d0p,hu15m63f70
0v89g5hc8c,h41jh3fq4g
kd1qf8m67g,c53dz0455d
zw18k76b1v,z02z31qf68
sn00z72s34,t72794263u
rb6vu07r5g,jq0sq8rn9s
vh5cc0wm6u,jm23b5uh6p
599z03071f,3b5w66bn2f
5m6251h50c,ws8hd7q477
4b2u34nq1s,sn00z72r73
gm81j98g5n,jh3cz33v1s
nk3610uj8j,zk55d8pv9k
cf9j38n436,804ug9g97q
0k26970u84,2r3nv9bq44
pv6b27rg8v,r20rr1qv72
4b2u34p55v,br8mc8sj9g
zk55d8pw02,w66930qq0j
639k35nf1q,n29p26rs4z
j96057f241,4b2u34p626
3r0pr7p92j,1c1td9p50b
2f7jq0v82c,7w6736n55w
u34mk6719z,qv3bz62j8k
348gf0nw4c,m32n58f763
b27pn9002q,zc7rn31k37
rn3028r83t,pz51g0k622
v40js9k064,9p2w37mw6t
ud0qr4q22h,k06ww78k2z
st7dr2r20w,4u54f1nm49
5d8nc5tt7z,7p8tb0zv79
086348hg68,ns0ks6kv2d
319s17tq7n,p26pz53964
c53dz04n7w,pr7mp4ww4c
6q1sf2nv02,9g5gb1zk9w
222r49h68r,9882j69q9q
8k74t6gp19,4t6f18tg10
rj48p5wm8k,sf2m61df8k
7m03u84q3w,8s4jm2507c
028pc2v60q,1j9765bu9r
bc3st7fz5k,8c9r20td69
sf2m61d03f,7s7hq3th41
j09w08z21b,hu15m63f89
rv0cv4dh9z,000000114r
h12v40mj85,b56d21sn65
445h990w0k,t727942647
5h7br8nh8z,r785h7dn5g
028pc2vp26,ng4gm82u3k
1c1td9pn5r,w08w951u6f
028pc2vm76,c24qj7913d
q814m92n6g,3775t3hg63
ft8df6m855,ft8df6mq7c
2z12n5120g,pc2t43k90v
930ns0n03m,pz51g0kp09
ns0ks6kz27,833mw29g4f
vu05u26s4h,j09w08z59n
bv79s1mq5w,d795719d68
q52f767h0b,8k74t6gs70
4t6f18v166,kd1qf8kq8p
125q816842,2f7jq0tt6s
jd4pk0869v,w950g3jz56
5717m0526f,rj48p5u63z
cn6uw48u7w,ms3jw88f0c
h12v40mn80,3775t3h16h
7m03u85883,fj29883t39
2804u55h7c,cc0tq5t20f
513tt4gs0j,3t9d50hh6t
028pc2vr5p,h98z893j4f
v97zk57f65,086348hg7k
ks6j09uw9b,6t0gt5gh1s
g44hm5492f,fb4wh2fh5z
nv9959dh93,qj77s7kp1v
j38kd1rr82,bc3st7gj0z
6m3319tr8j,4u54f1nm5m
2v2c82607u,wd3pv6cj3b
cc0tq5sg6c,z31ng4jp7p
tb0up6wu3k,vd6nz82133
pk06w9851n,g44hm53q8c
6q1sf2nb8d,jw86h4fj46
2z12n50k67,f47gq6ss2r
pn8u922r49,9c6ru9510q
u639z91r72,5m6251h79q
1v5bc3vg6u,ns0ks6kc6s
4q7qn6098p,u34mk6754h
sj19k47q3d,3r0pr7nd24
u921c1wg4c,4b2u34nn6s
r20rr1qt27,f76639mu6d
9g5gb2054g,bv79s1mn9k
q52f767f41,k06ww78p9z
5t3fu75j4w,639k35nc6q
8w3804zm8h,222r49hs3w
n58cf9kd6q,pr7mp4ug02
bn9u05zc1f,z89280703q
zg6g15vp1j,319s17v921
2804u55g17,6q1sf2nu27
bg2h709p4q,dj58c9s767
g73707zf76,6t0gt5gf5g
m03us5m684,k35m903700
qr4nk37z91,4t6f18td60
vh5cc0wr05,057cr5p88u
057cr5pw8w,6q1sf2n928
3u83j3bn91,9g5gb1zj3r
sf2m61cu7w,7p8tb10f2w
d795718s5r,cf9j38n642
h707w68z5w,0z70v8bh1g
c824b2z87z,n00zp3uq72
qb9v11wr52,rr1pg1kg86
wd3pv6d38j,6d5p844t9w
154dn41d78,pc2t43k75v
4u54f1p59h,5d8nc5tb0u
8p5v699z21,nc5s757q3r
df6k06zq30,4f1mg7gt0g
j678s4mg5b,bz6154ft51
tu3513w67k,nz80k2876g
fq9q23s26n,sn00z72v40
su6445jp8d,ud0qr4qm5v
251fj2bu7h,jh3cz33977
5717m05109,5u25b00q0f
4746q1th1u,9p2w37ng16
ff3kw5973j,707wm14r3t
k649p2z04h,p26pz52s2h
tm71v5dc4f,445h990b8n
348gf0nt9c,pv6b27rm23
9p2w37mv29,zc7rn3248f
154dn40s72,348gf0pf9k
vh5cc0w42t,6w9668b70s
bn9u060025,6q1sf2n93k
vm42r3qw69,f76639m96f
qv3bz6342n,d795718s62
m32n58fc0b,bc3st7fu0r
gf0ms3mr3s,tb0up6w93m
f47gq6s533,0c4sj1c67s
7w6736nr01,u34mk66j5m
8c9r20sw02,445h990z8m
7d2q52gb9c,fj29884c76
9s1kh0gm5t,fu73t9fc55
639k35p06u,t72794250q
2b8v98175z,4j09w09z43
uk84j0cu66,gq6qz23k78
st7dr2r54z,kh0dv1dt8s
9w08w39515,p26pz53d31
7659c6t361,j96057fm90
uk84j0cb9f,dj58c9sv7h
p26pz52t5q,8w3805078u
dj58c9s90u,542j67bg7s
1c1td9pq59,542j679u0z
wm13n21v0g,wm13n22d60
n29p26r943,rv0cv4dn4h
n29p26rw0j,7w6736n538
0c4sj1bn0z,h98z89438b
cn6uw49h1z,m32n58ds4n
348gf0nw32,zk55d8qf58
8w38050572,n29p26rb4c
h98z893k1s,cf9j38n27w
416su65865,s17sn01d0k
m32n58dt3m,n872v2cm9b
hh6c24qv89,bk16m3490m
cr5n873368,zc7rn31m1w
804ug9fb3h,pv6b27r25m
fb4wh2fj29,154dn41b3g
vt1gh9d43u,5t3fu7508q
183416vf6b,ud0qr4q305
nv9959dj6f,833mw29u41
mp4vh5f52m,4u54f1nn38
wd3pv6ck10,gh9b56db82
mw2891318z,br8mc8rk4z
g73707uu0n,707wm13t1h
d21rf5m48w,q23qv3dv0s
qr4nk37f2q,zp3vt1jg4d
m03us5kp1k,vu05u27867
us5j96238t,6t0gt5gh8z
z892806f60,ws8hd7qm5g
th8bg2jp4h,b27pn9005n
pr7mp4wu21,c824b2zs45
vm42r3qs6g,f76639mc9u
9k45q4ss0u,2804u5608s
td9n29qz7c,u921c1vu6b
ng4gm83d0r,ns0ks6kd34
db7vm4413c,bg2h709j67
959c53gk6h,4t6f18tg85
ms3jw87w3n,m901z43k1r
gt5fb4z83w,h41jh3f86h
3t9d50gz8s,057cr5pt2g,c824b2uv5s
v97zk56w7t,tt4fn12m1u
0r9m32pp8p,kw57d2rh7z,up6tu35h71
th8bg2k39m,6m3319t70u
kd1qf8m65v,z31ng4j49w
pn8u922s0b,b56d21t45z
jw86h4f07q,fb4wh2g052
j678s4mc18,w66930q82k
4u54f1p32s,mp4vh5dq7b
c53dz04632,v11vd6qw9t
tb0up6wv1d,3n20c4tp0n
v69862cr1s,s46h12wz94
kp7tm73673,rf5k932u1u
b56d21sp4t,vm42r3qs27
6d5p844u2j,7659c6tk1b
2804u5605v,pg1hh6df9u
dz02z13u70,dv1cj8975t
5h7br8nj6m,4q7qn60t1n
3f4kk95s5n,u05u63cg4k
9p2w37nb9k,ng4gm82z17
hq3rv0f59u,4t6f18tu8r
ks6j09ut8g,8911n7zs8f
sf2m61df31,0r9m32p844
3j39020z3t,r785h7d638
gt5fb4ut32,br8mc8t21c
7940r9n886,542j67bb80
2n4zg6hk83,3j39020h65
q814m92p3t,ng4gm83d7u
db7vm44f7u,696zw19r8q
5717m05j1r,us5j961p7z
4u54f1p333,pc2t43k98b
930ns0n10z,7940r9nr4t
086348hu9s,599z03079u
ws8hd7q566,3n20c4v38p
k35m902909,nc5s757s7j
cv4bn9z82m,1z41r6pj2d
9k45q4rr7k,4b2u34nq98
959c53gm73,vu05u26t1v
4t6f18tz4s,r49g44k188
gm81j98h39,7940r9np6w
j38kd1s67k,736m04001p
zp3vt1j22g,hd7np1z58z
rb6vu07s90,q52f767h7h
kw57d2s044,fn10p0z049
639k35ng0p,0v89g5ht7n
2f7jq0tv34,7p8tb1097b
br8mc8t12d,su6445js0r
jd4pk08766,3n20c4v362
901zc7sv77,m03us5m41d
3b5w66bn9m,1g0ht2hb2m
b56d21t496,ru9377780h
n00zp3un66,hd7np1uq84
g15t72909z,cr5n87439f
qn5z60c865,4746q1tk4d
vq2s46jh27,pg1hh6dw7w
5t3fu75f6p,br8mc8sk8f
su6445k726,3775t3h23v
c824b2zt4f,tq5r787020
fq9q23sj6h,9s1kh0g28b
2804u55j4q,5m6251h44b
n58cf9ku2m,sq8qb9wg29
rn3028r77s,513tt4gs7q
3775t3hh4r,vh5cc0w62c
kk94748h8t,qr4nk37f1d
g73707uw8v,jw86h4fg21
6q1sf2nc34,ng4gm83b90
z892806f4c,h12v40mj10
pr7mp4wu1q,2b8v981426
f76639mc79,qr4nk36d82
sj19k47549,hm52f7mf9z
bc3st7gd9n,j09w08um90
125q815q5q,np1wd3rn74
086348gg9z,h12v40m39w
3t9d50gz7g,4f1mg7hb43,v97zk56d41
g44hm53r33,416su6482p
2v2c825f8k,cj87h1ds5v
pk06w97m29,ff3kw59380
p843r0rk6q,f47gq6s73n
js9h41m882,1v5bc3tu68
hu15m63g4b,g15t72908n
0v89g5hd5q,zp3vt1jg7b
gu44q7rz4n,fu73t9fw40
319s17v63h,3n20c4tn8v
kp7tm7366s,930ns0ng1v
np1wd3rq1t,fu73t9ff5q
h98z89417g,z02z31q014
086348hu5j,959c53g538
4746q1v147,u05u63cg38
hq3rv0f579,z31ng4jm3w
8911n7zs6t,ud0qr4qj40
0z70v8c036,0r9m32p83t
7p8tb10b3c,r785h7d62z
gq6qz23n7t,ft8df6mr4q
3j39020h5v,ww76t0js26
q814m92p16,d795719b15
b27pn8zh9k,7w6736nn7c
g44hm5454z,us5j961p6n
ru93777p14,p843r0r50j
w08w952c8w,jm23b5uj31
599z03078m,cc0tq5su8k
s17sn02d2f,vq2s46jz1h
mg7fq9rw2p,hm52f7m13s
vd6nz82h3z,tm71v5ct6d
k35m903925,tq5r787f9r
7p8tb1095q,9k45q4sr9f
5t3fu75063,gh9b56fs4n
kk94748g9v,ud0qr4q28c
6q1sf2nt13,nv9959dj54
k93125s22r,j38kd1rs43
8k74t6g796,8s4jm25062
154dn40v97,rb6vu07s1h
rn3028qs88,hh6c24s944
mw2891317n,f18sb3zg8z
154dn41908,cc0tq5sh2d
3u83j3b41d,bk16m34r5r
vd6nz8220f,1r6n01175q
dn3zs2mu49,kw57d2rh6n
sj19k47m28,bg2h70946u
2z12n50m28,1r6n01168c
su6445k637,z60bv7c928
pn8u922r9v,pr7mp4ub2k
f76639mc8m,r20rr1rc2w
k06ww78m6g,1z41r6p334
sf2m61d099,2f7jq0v99t
j09w08un0g,wh2d79744w
8g8ff3n360,4b2u34p52u
gu44q7sd07,w66930q818
ff3kw5943q,ms3jw87w2b
2j6833pf69,3r0pr7nt42
nz80k28530,v69862cr0g
pn8u92374d,u34mk66m6g
rj48p5u245,4j09w0b156
gb1ud0sg1s,w37kp7w37b
mk6542kk47,5d8nc5tt5b
6d5p844u17,j09w08z276
7p8tb0zw3b,3r0pr7p884
9g5gb1zm5u,bk16m34r4f
7659c6tk48,k649p2uf7s
gq6qz23c22,1v5bc3tj0c
qb9v11wt02,cv4bn9zq0k
t43hu17226,rv0cv4dj3c
6d5p844m7m,7s7hq3sr3d
319s17tg0j,u34mk6670k
p843r0rk8b,ks6j09wv76
833mw29c0c,0k26970s81,125q815k6u
z02z31pv3d,m901z42z4g
1r6n010m6t,ft8df6m52d,v11vd6q95w
8911n7zn2g,696zw19m79,us5j961j7v
pc2t43k587,0r9m32p37p
dv1cj88n2z,mk6542kd6g
c24qj78w32,1j9765bb92
833mw29c1p,kk94747w9u
4b2u34nm0n,696zw19m04
t43hu16u2v,mc8rb6u45c
jm23b5uc86,gm81j98c36
930ns0mv38,bv79s1mm3f
q52f767c8q,m901z42z5s
fn10p0uv6k,9s1kh0fu0h
9z9086476j,ug9f47j27b
8s4jm24d1k,6688g8gg6q
bk16m3442v,tm71v5cp8u
251fj2b73r,251fj2b81d
nv9959dc8p,sn00z7258q
8p5v69977s,j38kd1rn6m
4u54f1ng5h,8p5v69985f
rn3028qn0p,4u54f1nh35
7p8tb0zq9t,mw28912w8m
vd6nz81w42,cf9j38mh8j
3u83j3b03u,bg2h709018
z60bv7c464,vd6nz81u1d
k06ww7804w,m03us5kj2s
j09w08ug5n,g73707us1v
6q1sf2n75n,2v2c82593u
z60bv7c53g,tb0up6w704
f18sb3uu3r,k06ww7812j
1v5bc3ts2u,1z41r6nz3s
s756d5qj5r,u639z91n49
js9h41kq17,ns0ks6k85n
d795718q9f,u34mk66g80
sb3ws8jq7t,ht2g73863n
8c9r20st1t,ht2g738658
4m91835206,d50ft8fk33
4m9183522t,0v89g5h877
rb6vu07652,zw18k7670q
fu73t9f99v,mk6542kf3t
6d5p844s3r,gt5fb4up2n
542j679t04,c53dz0423z
ud0qr4pm30,5t3fu7532p
348gf0nt26,vm42r3q78p
0000001k9q,7h1dj5b44k
cz3222sb3w,r49g44jz47
n29p26r43d,wd3pv6cb9j
d50ft8fh4v,4q7qn6046p
ht2g73842s,p26pz52n2d
3n20c4tk3r,v40js9jh1g
kk94748006,b56d21sk9j
6d5p844t6z,2n4zg6h24q
s756d5qm59,5d8nc5t96h
4f1mg7gs62,r785h7d380
7659c6t19d,gq6qz23k31
zs2k64c411,3f4kk9589r
fq9q23s22d,kh0dv1dt4j
s17sn0298g,ws8hd7q313
cr5n87414b,833mw29d56
4b2u34nn45,0k26970w0c
r20rr1qs8t,vt1gh9ck0b
gh9b56f864,bv79s1mn6n
736m03zw5n,tt4fn1219q
k93125rh8z,9w08w39482
639k35nc43,2b8v980m2t
st7dr2qj1t,uk84j0c920
p55db7wu2q,jd4pk08513
2804u55f84,nz80k27m3b
8p5v69999z,j678s4kv1w
rr1pg1jv52,513tt4gq19
086348hd8b,n00zp3u33v
g73707ut5c,z892806b93
fb4wh2ff6q,pr7mp4wt6f
222r49h500,9k45q4sp5n
db7vm43u95,u921c1vv0u
4t6f18td32,h41jh3f61d
vd6nz81z5u,7m03u84n4n
kw57d2rf2v,6m3319t44b
td9n29qf8j,f47gq6s49p
sf2m61cu58,1z41r6p08v
hu15m63c92,np1wd3r52q
8c9r20sv7z,w66930q579
6688g8h20s,348gf0pb46
w37kp7wh6b,vm42r3qr94
m61bk18d9p,5d8nc5wh2d
1n7uk87r04,7940r9nr0k
s756d5st16,bc3st7gf60
959c53gk28,ng4gm85223
125q81647w,cz3222vh70
w08w95424n,7w6736nm5g
3f4kk97g5n,fj2988490g
zs2k64f97r,uw47p8w93w
ns0ks6kw02,jh3cz35g9q
r785h7dm3k,s17sn04h32
qn5z60dq2r,833mw2cm13
tq5r787d6j,0k2697327n
s756d5r479,vt1gh9fr62
db7vm44g2n,m901z4572s
gh9b56hg3b,5717m05j50
d21rf5n16p,bv79s1pv3v
7m03u8566u,zk55d8s07s
m61bk18f5q,6d5p845b23,9w08w3cb4z
f76639mt0q,ru93779b9b
vt1gh9d311,0c4sj1ds0j
rb6vu07s2t,vq2s46mm17
qz22b8zv1g,7p8tb10b4p
gf0ms3p96m,vt1gh9d386
bn9u061j4f,zw18k76t3b
6w9668cs22,pr7mp4uc91
zg6g15uv31,ht2g738r5p
bk16m34q3v,2804u57n41
ug9f47mb71,q52f767z3v
j678s4p17v,b853f4n87v
513tt4jw71,z892806w58
183416u47n,fn10p0zf7t
rr1pg1n216,f18sb3zj5k
n00zp4089s,hh6c24s89d
pk06w9814g,m03us5ns1w
5u25b00k7h,g73708111q
bk16m36d0u,dr2p55g24z
1v5bc3vc8q,319s17wv77
pr7mp5012s,sq8qb9wu36
1j9765bz2v,k06ww7b838
9k45q4vw2v,0v89g5hw2n
930ns0nd9s,5t3fu77381
222r49kb5d,d50ft8g45c
7s7hq3tg99,125q817t6b
2j6833pf7m,rn3028sw8k
st7dr2r19d,m03us5ns26
b27pn8zz39,mc8rb6uq80,g737081121
2z12n52q3w,np1wd3rq3f
r785h7dm4w,pr7mp50133
f47gq6sp8s,v97zk57b0g,5q4rj4cz5k
348gf0pb6t,u921c1z16w
v97zk5911s,q814m9340q
bc3st7gf2r,f18sb41618
kp7tm7598q,cc0tq5sz95
jq0sq8tt15,2j6833pd61
jw86h4ff04,dz02z1620n
dv1cj8969s,5d8nc5wh3q
1n7uk87r2r,cc0tq5sz20
0g3gu4684k,u05u63fk4w
3j3902101q,s756d5st3t
hq3rv0h92b,2b8v98137g
862b856r5r,u05u63cw4w
hd7np1z53d,2j6833r38n
us5j963t0c,kp7tm73n7p
t14th8g16c,6w9668b40z
ws8hd7s884,v11vd6qw5k
s17sn04h4c,kw57d2s00w
n872v2gr20,wp9t14wg56
057cr5pr8s,cv4bp01c3j
833mw2cm3q,k93125s143
zk55d8s083,2n4zg6hk4v
9g5gb2021q,st7dr2sq8v
542j67d20s,2804u5602u
0v89g5hv7u,ru93779c14
cn6uw4c253,td9n29qz90
qz22b8zv33,m901z43k97
m61bk1b32h,k06ww78k0b
jd4pk08n9f,gf0ms3p97u
zg6g15uv5n,ng4gm83c4q
pz51g0nb3z,4t6f18tu4h
k649p30j9u,3b5w66bn5c
v69862d637,ff3kw5bs7f
6t0gt5h026,9p2w37q16n
2804u57n6n,2b8v981543
154dn4189s,nz80k29t0j
7d2q52gv7w,gb1ud0v523
fb4wh2hn47,5u25b00m1u
m32n58fc38,p843r0rm04
pv6b27rm51,f18sb3zj1b
nv9959f096,251fj2bz1u
cr5n874k6c,pr7mp4ub18,db7vm44k5d
6t0gt5gu9k,8p5v699z68
7p8tb10f7f,fn10p0zd8v
su6445k693,3775t3hg7d
rf5k934k66,mp4vh5gt4q
sb3ws8k865,tt4fn12k94
4j09w0bh24,3b5w66bm7q,7659c6tk5k
6d5p845b4q,m32n58f80h
f76639mt3n,tm71v5d867
vu05u27778,5t3fu75f9m
k35m903q15,qr4nk37w10
8p5v699w15,901zc7t89d
w66930qq7q,sb3ws8k90k
tb0up6ws7q,154dn4195t
cn6uw49c6d,8911n8078g
bk16m34r2t,639k35nu5t
8p5v699t37,4u54f1p22h
833mw29u3q,mc8rb6uq6c
0z70v8c16d,c53dz04m8u
dj58c9ss0s,vh5cc0wn0b
gm81j98z2k,sf2m61df9w
s17sn02v96,1j9765bu46
qv3bz63045,804ug9gr8m
th8bg2k50c,wm13n22965
c824b2zs8d,cz3222sv4b
3n20c4v40g,8g8ff3nj86
7659c6tm1m,183416vg3p
bk16m34r34,2804u55z3q
v97zk57b3d,pv6b27rh9f
7m03u85480,m61bk18d72
tb0up6wt14,7940r9nq7g
086348hz8r,v97zk57c12
tq5r787f8f,qj77s7kk7w
cj87h1g70c,sn00z72s1h
gb1ud0sg0g,b27pn8zz20
9s1kh0gh4p,r49g44kg0c
uw47p8w918,7s7hq3tf91
f76639mv2m,6h4cn70g59
8s4jm2513d,d50ft8g489
su6445k61m,599z030p2b
1n7uk8655r,5q4rj4b981
wm13n22b6f,d50ft8g784
vd6nz82g0r,8c9r20tg8g
dn3zs2mw7z,rb6vu07w01
s756d5r460,6m3319tr5m
j38kd1s73m,mk6542m40n
542j67bd02,gu44q7sh02
3n20c4v648,ng4gm83d3p
mw28913h38,g15t72944h
ks6j09uw6d,qb9v11u755
sj19k47q0g,n00zp3um02
804ug9gr9u,d795719d3b
8g8ff3nn1v,gt5fb4z79g
057cr5ps7r,125q816814
r20rr1rb5j,w950g3jz3k
wh2d796b77,ww76t0hu22
n00zp3wt3d,s46h12w500
7s7hq3sp2j,hm52f7km4j
qr4nk3726u,vu05u26d07,mc8rb6wv5u,6t0gt5g52b
th8bg2j97d,p843r0qr19
9k45q4sd3t,5717m04p37
ug9f47jp9u,183416tz5u
s17sn0204r,nv9959d60t
cr5n873p9w,8k74t6fw3b
rn3028qf2n,r20rr1qg5d
7m03u84c2t,br8mc8s57t
q23qv3cz5u,vd6nz81p4d
g44hm53c79,639k35n20c
zc7rn3140q,qr4nk37c3g
2z12n5076g,1c1td9nr9k
610vq2sq4b,ug9f47hn4v
f76639m04b,5q4rj49f96
sf2m61d080,9882j6ch87
3775t3h217,qr4nk37f03
057cr5nz2b,wd3pv6c51p
2z12n5065w,kw57d2r38z
4j09w09m8k,rb6vu06u77
uk84j0cj1m,wm13n21d16
1c1td9nq0h,2b8v980v1f
542j679g20,639k35nm3q
9w08w39c7p,rv0cv4cn01
vm42r3pw1h,fn10p0z48n
445h98zz3m,p55db7u51k
542j679j5g,z60bv7cr2v
0g3gu45d8p,q23qv3dt52
2z12n5058j,su6445jb9z
dn3zs2m233,jw86h4dk3u
1c1td9nr88,5q4rj49d9u
1z41r6nn8v,hd7np1u966
7w6736ms2p,u639z91b82
np1wd3qt31,0g3gu45d2t
qz22b8wb1v,j09w08u66r
8g8ff3mp26,3775t3gn39
4q7qn5zu0q,pz51g0jt05
rj48p5w702,9s1kh0fn7g
7h1dj59539,sq8qb9w21p
dj58c9ru0n,3r0pr7nd1t
qj77s7jp93,513tt4gc8q
cj87h1fd0h,g15t72855v
416su64v6m,tb0up6vz3m
9882j68w49,qr4nk3712d
gb1ud0rn1u,5h7br8n422
nk3610wp0u,6t0gt5g38n
z892806142,0v89g5h03s
pv6b27qn52,7d2q52g089
9k45q4sc0m,3n20c4t76u
222r49gt5j,qb9v11wd3p
u921c1vh61,ft8df6kv8j
t43hu16n48,nv9959d464
j38kd1rc53,5d8nc5sz7t
ww76t0hw61,db7vm43m3t
8k74t6ft9n,hq3rv0dr4t
125q815971,cz3222s02t
4f1mg7gf8u,rn3028qc8z
7m03u8499f,r785h7cr80
mg7fq9r072,qn5z60cw08
kw57d2r37n,7659c6sq16
kh0dv1dg6d,6q1sf2mz4w
us5j961823,z60bv7bw4b
5q4rj49f4n,dr2p55f64t
hh6c24rf6m,np1wd3qt78
d795718f8u,804ug9fu2w
gh9b56du64,4q7qn5zu58
k93125r586,0z70v8b54n
2b8v98084p,rf5k932300
h12v40kq14,p26pz52f1f
183416tm27,3r0pr7nd6c
cf9j38m72g,0000000n2v
416su64v2c,v69862cb1g
qr4nk37080,qf8jd4qk09
6t0gt5g34d,ks6j09wz15
g15t72860k,319s17tb1r
z892806114,b853f4md9b
2r3nv99w3z,k06ww77q5r
u921c1vh2s,z02z31pk2w
js9h41kf3n,sj19k46r1t
j09w08u672,u05u63c248
j96057dp0h,hm52f7km2u
513tt4gc4g,862b85473h
4f1mg7gg2b,cj87h1fc63
0p0wp9tq0v,348gf0ng9m
zc7rn3159s,mc8rb6wv39
k35m902w00,gm81j9832p
sn00z71w41,bz6154fg6k
7659c6sq5f,4u54f1n69j
zp3vt1hn2u,154dn40f60
wd3pv6c46z,tu3513vv96
kd1qf8kb5q,6q1sf2mz1z
fq9q23rq7z,td9n29q38s
6688g8g64w,9g5gb1z62p
2f7jq0tf16,ns0ks6k00w
8g8ff3mp3h,up6tu36402
4q7qn5zu11,su6445jb8n
p55db7wk7h,w950g3j03v
h12v40kp81,jh3cz32z8j
dr2p55f682,7h1dj5954m
g15t728565,1g0ht2gw9z
8c9r20sh9t,wp9t14vk91
n872v2d712,4m91834r8z
hh6c24rg01,c53dz03s1w
cr5n873p8k,qb9v11wd40
804ug9fu5t,6d5p844g94
4746q1t52g,hq3rv0dr6f
ws8hd7pr41,r20rr1qg3s
m901z42q2u,hh6c24rf7u
q23qv3cz1p,br8mc8s56h
fq9q23rq6n,707wm14d32
3775t3gn20,t14th8ch28
tt4fn11q4f,ws8hd7pr5b
q23qv3cz4m,445h990096
6w9668982f,k93125r62m
610vq2sw4q,610vq2sw51
ug9f47ht3u,uk84j0bz8v
st7dr2q67u,cj87h1fc8q
7m03u8497t,j96057dp24
dj58c9rw95,6m3319ss9w
1z41r6np28,8s4jm2448j
np1wd3qt6z,wm13n21f9z
rv0cv4cp7g,d50ft8f92k
n29p26qu3h,gu44q7rj5n
nk3610wp3v,7w6736ms1c
kk94747n5r,qv3bz62549
ft8df6kw1n,gb1ud0rn0m
6w9668983r,2n4zg6gq98
zc7rn3161k,w950g3j073
tm71v5cd7d,h12v40kq0t
pv6b27qn4r,2v2c82519k
v40js9j58w,ff3kw58856
251fj29z95,uw47p8vf14
sn00z71w6n,959c53fr2d
j678s4kh6p,s756d5q92w
8p5v69904u,0r9m32nv4k
7940r9mv61,rn3028qc7n
kh0dv1dg9b,7p8tb0zg4b
057cr5nu97,b27pn8z398
n872v2d72c,z60bv7bw31
pr7mp4wh1d,4b2u34n98n
5q4rj49f3b,bv79s1mb2u
zk55d8pg6m,u921c1vh5q
kd1qf8kb61,ns0ks6k03t
j09w08u705,9w08w38t2g
d795718f7m,2b8v98088u
8w3804z90j,8g8ff3mp6f
ru93776t9g,4t6f18t27j
125q81596q,n58cf9k28k
rj48p5w75m,4746q1t53s
vq2s46j337,ms3jw87g3b
610vq2sw6b,c824b2uu9k
wh2d796941,3t9d50gj75
028pc2ts7b,n00zp3ws06
kh0dv1dh0t,qj77s7jq3h
ks6j09wz0v,up6tu3641c
dr2p55f69c,6m3319st0c
z31ng4hq9b,vm42r3pu8z
v97zk56g8t,2j6833p071
qj77s7jq4t,t43hu17315
pc2t43kb04,g44hm53b5d
jm23b5uj6z,2v2c825202
z31ng4hr0t,dv1cj88s3c
tb0up6vz7v,930ns0n118
jw86h4dk8g,599z03080d
1j9765bg95,5m6251g92v
1v5bc3th9w,ww76t0jb3u
sb3ws8jf7m,s46h12wk2u
up6tu36j39,hu15m6326n
8c9r20sj37,p55db7u09p
hq3rv0dr9c,jd4pk0878t
8911n7zc9f,901zc7sv9v
4j09w09m78,5717m0536q
1g0ht2hb3u,0r9m32nv66
w08w951j6d,wp9t14w130
hh6c24rw1n,mg7fq9r12s
cr5n874417,gq6qz2380m
0g3gu45t3f,c24qj78n06
7940r9mv8n,vq2s46jh3j
qz22b8wr2g,3j39020375
zs2k64bs86,m901z43443
v11vd6q160,8c9r20sj2u,gh9b56fc31
707wm14t69,q814m9283h
3775t3h245,kh0dv1dh14
ft8df6kw38,tq5r78704m
fj29883v28,696zw19b9q
610vq2t976,2j6833nk7g
2804u55j51,t14th8ch4w
p843r0qr2m,st7dr2qm8j
jm23b5u46n,p26pz52v7m
j96057f349,dv1cj88c4c
599z02zv1z,8s4jm24j95
1j9765b29v,513tt4gs81
wm13n21w0r,ws8hd7pr7z
rv0cv4d39n,s17sn02052
n29p26rb5p,nc5s757c77
cv4bn9uv3c,h98z893k23
cj87h1ft0t,4b2u34n99z
416su6588s,0k26970j6g
0c4sj1bp07,r49g44jm8q
m32n58dt4u,mc8rb6wv67
gb1ud0s22s,gm81j98349
6t0gt5gj12,bv79s1mb37
348gf0nu3b,736m03zk1u
tm71v5ct9b,zk55d8pg87
pv6b27r26u,tu3513vw10
q23qv3cc29,k35m90394s,q52f76739t
fb4wh2fj4u,kd1qf8kb7b
rb6vu06u5m,9k45q4ss3v,fn10p0uk52
5u25b00548,9w08w38t3s
qf8jd4qj9t,639k35n21p,251fj2bd2t
2n4zg6gr0r,up6tu3642p,ud0qr4q31g
su6445jc1r,sn00z72994
nv9959dj7r,jd4pk07t7z
j38kd1rs71,dn3zs2m24d
df6k06z57t,8w3804z925
1g0ht2gu1r,8p5v699d75
4u54f1nn5w,wp9t14vm24
154dn40w2b,ru93776v0z
n58cf9k29w,mw2891320r
hd7np1u97h,pg1hh6d19m,7p8tb0zw8w
804ug9fu7f,057cr5pc2w,5d8nc5t01g
vd6nz82222,4746q1t55d
qn5z60d92f,0g3gu45d4f
m03us5kp36,vq2s46j34j,u05u63c23z
qz22b8wb25,g73707uu28,ng4gm82j1u
bg2h70949v,m61bk17k01
gf0ms3ks8c,qj77s7k460,862b85474t
ks6j09uc3b,br8mc8s584
b853f4mv04,3775t3gn5u
zg6g15vb51,6h4cn70297
tb0up6wc8q,tq5r786k42
pz51g0jt1g,pk06w97m57
js9h41kv3z,mg7fq9r11g,k649p2u193
9882j69b16,fj29883f1n
9s1kh0fn93,u34mk66m9d
nk3610u351,2804u5545q
d21rf5mk47,ug9f47ht5j
8c9r20sz4v,sq8qb9w220
w37kp7w39z,nz80k2790u
mk6542kk75,j96057dp4r
dj58c9ru28,c53dz04660
3n20c4tp28,8s4jm2450b
v40js9jm00,183416tm7s
wh2d79695b,qb9v11wv0b
kp7tm7369q,rr1pg1jj3z
ud0qr4pp0m,6d5p844u45
j38kd1rc6d,f76639kz6f,t43hu1732g
5q4rj49f1q,pg1hh6dg1q,db7vm43m44
4t6f18t30n,jq0sq8rq1v,1z41r6np1z
dz02z13u9m,rn3028qc98
959c53g566,mw28912m73
h41jh3dv5n,5d8nc5td4q,sj19k46r3f
cc0tq5s33d,ww76t0jb47
7m03u84b17,s756d5qq4t
hq3rv0f61q,3u83j39q3g
qn5z60cw1k,862b854n6r
w08w951z6q,5q4rj49f68
gq6qz23p0u,1z41r6np56,125q815943
3f4kk95c6n,j09w08u72s
d795718g0q,zs2k64c692
q814m92p5f,8g8ff3mp82
fq9q23s50m,w950g3j05g,4q7qn5zu6k
0z70v8b55z,2j6833p08b
rf5k93232m,us5j961q02
jh3cz33d16,ms3jw87g5z
h12v40kq3r,rj48p5w749,901zc7sw0b
ms3jw87g21,c824b2uz1c,1j9765bh0n
s17sn02d5c,7h1dj59595,h12v40kp9b
cr5n87442j,7h1dj59567,3r0pr7nd7p
0000000n35,833mw29h3d
v69862cb33,0k26970z8d
qj77s7jq54,r20rr1qw61
ks6j09wz3s,gm81j98h5u
736m04004m,g15t72861w,3t9d50gj5j
b853f4mf0t,3b5w66b70h,028pc2ts5q
2r3nv99w48,q23qv3dc8d
z02z31pk4h,kd1qf8kr7n
tb0up6vz85,639k35ng29,v97zk56g66
2b8v980q01,qj77s7jq26,f18sb3up2h
st7dr2qm9v,9882j68u0b
5h7br8n47m,jd4pk08794
dn3zs2mg6b,1r6n010c5k
542j679z1j,u34mk66693
sb3ws8jf8u,1c1td9p594
n58cf9kh29,nk3610wp6s
cn6uw48z6v,ht2g737u5t
d21rf5m53m,0c4sj1bp1j
vq2s46jh4v,8911n7zd0u
0v89g5h08b,ks6j09wu9c,m61bk1801w
w37kp7vp9d,gf0ms3m68u
6w96689p4c,gt5fb4ud3r
tq5r78705u,c24qj78n1h,g15t72857g
pz51g0k72b,3n20c4t81n
zw18k75z2w,9p2w37mu5s
b853f4md7q,v40js9j60p
2804u55j6b,qb9v11wd9j
6d5p844h4v,2v2c825188
ug9f47j77q,z31ng4hq81,2n4zg6gr3p
j678s4ku9u,t43hu16p1m
pc2t43jw93,513tt4gs9b
wh2d796q6z,jm23b5u47z
rr1pg1jz38,959c53fr5b
pk06w97620,n00zp3u612,1n7uk85724
7s7hq3t19q,ww76t0hu3c
hq3rv0ds0v,416su65893
cz3222s08p,f18sb3un9d,vh5cc0w66m
9c6ru94212,862b85476f,qr4nk37f4b
5m6251g907,4f1mg7gg4z,m03us5kp4h
0p0wp9tq2g,bk16m3493j,u34mk66665
319s17tr87,vu05u26d1j
sb3ws8jf4p,z892806f8m,r49g44jm91
db7vm43m5f,nk3610wp2j,fb4wh2fj57
8k74t6fv2r,ht2g737u2w,9k45q4ss45
125q81599n,5t3fu7510h
rj48p5w777,222r49h781
h41jh3dv6z,sj19k4758j
8c9r20sj1m,nv9959dj82,cc0tq5s34q
4m91834r98,028pc2ts9z,j38kd1rs8b
qj77s7jq6f,db7vm44169
8k74t6g829,pn8u922c2n,0v89g5h05d
np1wd3qv0c,4t6f18th0z
hu15m6327z,125q815q8n
8c9r20sj4j,w950g3jf0h
rn3028qt1c,4m91834s2c
mw28913212,0v89g5h09n
w66930pv5z,h41jh3f89f
w37kp7vp55,cc0tq5sh5b
mp4vh5db04,7m03u84r2v
3t9d50h00t,c53dz03s6f
028pc2v700,mk6542k529,7d2q52g14b
vd6nz8223c,3n20c4t82z
g44hm53r7b,v69862cb4d
qf8jd4qk2u,bc3st7g04s
kp7tm72t0n,6m3319t72j
fu73t9f19n,2v2c825g20
6d5p844h55,td9n29qj5f
pn8u922s38,2r3nv99w5k
z02z31pk5t,jw86h4f09b
t727941t3n,f47gq6s76k
9c6ru94g49,jq0sq8r89r
dz02z13h80,5m6251gq3g
1z41r6p362,959c53fr6n
u639z91s7b,1r6n010c6w
s756d5q94h,sf2m61d13q
ng4gm82j3j,np1wd3r80u
hu15m63g78,8911n7zd17
0r9m32nv7h,d50ft8fq5t
8c9r20sz55,w08w951j7q
r785h7cs5b,4q7qn60b7n
mg7fq9r14d,w66930q85h
gt5fb4ud42,rf5k932h2u,gu44q7rj4b
mp4vh5dq9z,c24qj78n2t
c53dz03s3h,b27pn8z42c,c53dz04679
7h1dj59k9g,2j6833nk8s,3n20c4t78j
0000001241,bk16m33w2p
qf8jd4r015,6t0gt5g40f
319s17tb7m,kp7tm73706
fu73t9fg0f,zw18k75u8g,zc7rn3164h
tm71v5cf1t,6h4cn7030q
2r3nv9b96f,pv6b27qn80
t727942736,k35m902w6v
v40js9j568,fb4wh2f44m,pg1hh6dg21
js9h41kv48,kp7tm72s67,9k45q4sc27
fu73t9f16q,f18sb3z33c,5t3fu74m0z
9882j69b2h,251fj2b02h
b56d21s836,ud0qr4pp27,5h7br8nj9j
6d5p844h0m,sn00z71u02,u05u63cg66
nv9959d48r,2n4zg6gq8z,s756d5qq54
j38kd1rc7q,nk3610u36b
ht2g738b6p,db7vm43m6r
d21rf5mk5j,8k74t6fv32
4u54f1n748,8911n7zt1j
0r9m32p86r,154dn40g21
w08w951z71,wd3pv6c520,t43hu16n8h
pg1hh6d170,rn3028qd0r,mk6542kk8g
gt5fb4ut60,mw28912m8d
h41jh3dv78,c24qj7923p
cc0tq5s351,7940r9n900,jq0sq8r86t
7p8tb0zg78,zs2k64c70j,dz02z13h4r
3u83j39q53,v40js9jm19
kk9474829j,057cr5nz3n,5d8nc5sz9f
ww76t0hu0f,ft8df6m95f,qn5z60cw2w
ng4gm82j0m,696zw19s0h,kw57d2r40r
bg2h708r0s,uw47p8vv32
hq3rv0dr7r,t43hu1733s,z60bv7bw6z
0r9m32nv2z,td9n29q44t,dv1cj88s4p
k06ww77r23,r785h7cs2d,930ns0n12k
mg7fq9r105,5q4rj49f7k,1n7uk85n3r
gq6qz2377h,ww76t0jb5j,1z41r6np6h
s46h12wk37,u639z91c6q
sf2m61cm35,3j3902033u,hm52f7m16q
ns0ks6k06r,v11vd6q14c,833mw29h4q
j09w08u74d,kh0dv1dg81,4f1mg7gw5k
9z90863z5s,vu05u26t4s,d795718g11
r49g44k202,8g8ff3mp9c,2j6833nk5v
w66930pv68,gm81j98h67
bv79s1mr6g,ms3jw87g7k
jh3cz32z77,3f4kk95c7z,c824b2uz2p
3r0pr7nd80,zp3vt1j25d,n872v2d70r
tu3513w92v,0000000n5s
v97zk56h0m,9z90864c9k,hh6c24rf9j
up6tu36j4m,ks6j09wz43
cv4bn9uv0f,su6445js2c,g15t728626
b853f4mf14,p55db7u11g,4b2u34n97b
6h4cn6zn9g,jh3cz33d2h
0k26970j4v,dr2p55fn2s,2r3nv99w6w
5717m05371,vt1gh9c74t,z31ng4hr2f
tb0up6w006,wp9t14w149
pk06w9767j,ru9377783f
js9h41kf58,n872v2dn49,m901z42q1m
f18sb3up3t,804ug9gb9m
9882j68u1n,4746q1tk61
1v5bc3tj1p,0g3gu45t4r
sb3ws8jf97,vq2s46jh55
ht2g737u64,r20rr1qw7b
m901z4346q,8911n7zd2j
w37kp7vq0w,gh9b56fc4b
gt5fb4ud5c,bv79s1mb1m,br8mc8sm07
707wm14t7m,7d2q52g15n
1n7uk8573f,3775t3h25g
zg6g15vr6n,ww76t0hu4p
s46h12w53u,tt4fn1249j
q23qv3dc9q,ng4gm82j4v,736m03zj94
fj29883v3k,hq3rv0ds2g,3b5w669s57
862b85477r,9s1kh0g304
4f1mg7gg58,610vq2t98h,q23qv3cz39
0p0wp9tq3s,2804u55j7n,639k35n18k
uk84j0cd1h,r785h7cs6n
mg7fq9r15q,st7dr2qn0b
p26pz52v8u,gq6qz23827
bz6154fh00,j96057f35m
uk84j0bz7j,7659c6sq8c,dj58c9sb2t
p55db7wk66,3f4kk94z7d,8s4jm24k0n
dn3zs2m22s,513tt4gt0t,zp3vt1hn65
8w3804z892,v11vd6q18m,1c1td9p60m
q814m9286f,wm13n21w2c
fq9q23rr1c,n29p26rb60,542j679h7t
h98z893k3d,7w6736ms02,9z90863z91
6688g8g67t,0g3gu45d06,cj87h1ft14
us5j961898,vq2s46j31m,7s7hq3t206
445h990f3u,t14th8ch7t,m61bk17j87
p843r0qr47,gf0ms3ks5f,0c4sj1bp2v
bn9u05z139,jh3cz33026,vm42r3qc1m
dr2p55f715,qv3bz62k8v
m32n58dt57,901zc7sf9j
zg6g15vb23,gb1ud0s24d,5717m04p65
bk16m3494v,1j9765b31n
tq5r786k2f,ws8hd7ps02,6w96689p5p
s17sn0207p,k649p2u165,251fj2bd34
ud0qr4q32s,n872v2d759
hh6c24rg3z,sn00z72b0m,2804u55433
cr5n873q20,sq8qb9w20c,nv9959dj9c
j678s4kz0d,804ug9fz0j
0k26970j9d,j678s4kh5c
4u54f1nn66,zk55d8ph01
154dn40w3n,tt4fn11q8p
wd3pv6ck3m,q23qv3cz7j
k93125r66v,8s4jm24477,rn3028qt2p
fn10p0uk7p,n00zp3u62c
h707w68f1h,183416tm55,9w08w38t6q
cf9j38mp1r,639k35n24m,rr1pg1jj01
7p8tb0zw96,h707w6807s,2b8v98092b
7s7hq3sm7j,uk84j0c02h,3u83j3b45n
057cr5pc36,st7dr2q701
vh5cc0vs2t,vd6nz8224p,p26pz52f9u
gb1ud0rm94,jd4pk07t9k,qr4nk37f5n
dn3zs2m27b,m03us5kp5t
wm13n21g22,g73707uu3k
nz80k2792j,bg2h70950b,6t0gt5g37b
319s17tb3c,6q1sf2nc7c,j678s4kj03
pr7mp4wh03,df6k06ur8k,2z12n50m56
z60bv7c96h,4u54f1n75k,k35m902w2m
wh2d796988,5t3fu74k6j,th8bg2jp7f
222r49gt47,n00zp3ws34,pr7mp4wu68
nv9959d44h,k06ww7855k,cf9j38m79n
416su64v9j,f76639md21
9g5gb1zm95,vh5cc0vs7c
6t0gt5g41r,5q4rj49v7w
1z41r6p37c,pr7mp4wh4b
222r49gt9s,u921c1vu98
sj19k4759v,db7vm43m72
4t6f18t328,ns0ks6kd7c
db7vm43m2h,8k74t6fv4c,j09w08un4q
8g8ff3n39u,125q815b04
4q7qn60b8z,w950g3j106
rj48p5wn95,h41jh3dv8k
cc0tq5s36b,ms3jw87w6k
7m03u84b3v,h12v40m439
3t9d50gk1k,c824b2zc1u
7h1dj59m0z,028pc2tt0f
v97zk56h1u,3t9d50h014
028pc2v719,jw86h4dm1k
1v5bc3tj20,v97zk56u17
qj77s7k479,8k74t6ft8b,sf2m61cm4g
d50ft8f96t,ks6j09uc4n
w950g3j06s,g15t728m2h,0z70v8b57k
h41jh3dv31,b853f4mv2r,rf5k932347
cc0tq5s30g,gu44q7rj9w
v69862cb5q,2v2c825g39
qf8jd4qk37,z31ng4j539
b56d21s892,028pc2ts61
tb0up6wc91,t727941t4z
jq0sq8r91j,js9h41kv5k
f18sb3z34p,5h7br8n50q
5m6251gq4s,ng4gm82j55
1v5bc3tz10,d21rf5m56j
u34mk66n0w,4j09w09n0c
nk3610u37n,w08w951j81
r785h7cs7z,ht2g738b70
0v89g5hf0f,gt5fb4ud6p
zs2k64bt00,mp4vh5dr0f
gu44q7rz96,v11vd6q19u
3u83j39z8z,7d2q52gf68
qb9v11wf1b,3n20c4tp3k
kk94747p0g,v40js9jm2m
kp7tm7371h,ft8df6kw66
fu73t9fg1r,b27pn8z43p
2n4zg6h537,696zw19c1h
uw47p8vv4c,2j6833nk93
t72794274h,jm23b5u49k
pg1hh6dg3b,dv1cj88c60
930ns0mm4n,jq0sq8rq25
dz02z13z03,599z02zv3k
959c53g57h,1j9765b32z
ww76t0hu50,5d8nc5td51
s46h12w547,3775t3h93s
zg6g15w03w,hm52f7km7g
833mw29333,707wm15255
vu05u26d4g,br8mc8st8c
r49g44jn1t,tq5r78772u
qn5z60cv9s,sn00z72j7f,mc8rb6wv8v
gm81j9836u,nv9959ds52
bv79s1mb5v,j38kd1s148
736m03zk4v,db7vm44839
4u54f1nw2w,zp3vt1hn7g
tu3513vw4u,154dn4140w
wd3pv6ct0m,q52f76741m
cf9j38mw6z,kd1qf8kb9z
fn10p0uk80,7p8tb1045b
3u83j3bc2n,9w08w38t71
057cr5pm06,6688g8g684
vd6nz8290c,2f7jq0tf6r
pv6b27rg7j,7d2q52fz1m
qb9v11u89p,3n20c4t580
jd4pk0805z,rj48p5w72p
3r0pr7nd3f,0g3gu45k0k
c53dz03q3z,b56d21s63n
0v89g5h043,ht2g737u08
gq6qz23766,zs2k64bs3n
8s4jm2461u,h41jh3f392
3u83j39z6b,057cr5p644
g73707ur36,qn5z60d44p
td9n29qc6c,6q1sf2n689
9g5gb1zf9s,pr7mp4wr48
sj19k4709g,u639z91m7z
ns0ks6k789,d795718q28
8g8ff3mz0s,4q7qn6058k
0z70v8bd8t,rj48p5wh08
h12v40kz40,c824b2z62v
3r0pr7nn97,028pc2v20m
qj77s7jz7p,ks6j09u648
g15t728f24,b853f4mp12
z31ng4j047,pk06w97f7g
5m6251gj4d,9882j69524
nk3610wu71,sb3ws8jp95
8c9r20ss5s,d21rf5md6g
4m91835145,w37kp7vz0t
mk6542kd7s,rb6vu0758q
c53dz0417u,gt5fb4un6m
7d2q52g86w,3n20c4th36
zw18k7663c,v40js9jf1u
qb9v11wp18,kp7tm73214
fu73t9f91c,b56d21sh90
2n4zg6h045,6d5p844r6d
t43hu16u35,uw47p8vp40
pg1hh6d92n,sq8qb9w95v,2804u55c78,dz02z13s0q
8p5v699783,183416tw0t,nz80k27j2g,df6k06z08r
n00zp3u139,416su65406,7s7hq3sw1w,wh2d796j86
th8bg2jh6r,319s17tk8v,g73707ur4h,vh5cc0w17j
9k45q4sm53,5t3fu74v2h,k06ww78056,pr7mp4wr5k
j38kd1rm98,sj19k4710z
125q815k02,4t6f18tb26
mw28912w1f,h41jh3f40j,028pc2v21u
qn5z60d450,bc3st7ft6s
901zc7sg76,3f4kk9500r
5h7br8nn0k,9882j69d3c
nc5s757d94,hm52f7kn7r
kw57d2r501,bc3st7fm4h
f18sb3uq4d,pk06w9777t
p843r0qu7j,zk55d8ph8h
vq2s46j99r,804ug9g53c
nv9959d84m,ww76t0j80f
qr4nk36u9h,m03us5k59u
nc5s757q5c,mw28912r6w
1r6n01090g,cz3222sb5h,h707w6847w
3u83j39v1z,4f1mg7gt1s
0p0wp9v20v,057cr5p29k,mg7fq9rc0u
vd6nz81r9h,3f4kk95935,7659c6t244
tu3513w696,g73707um9z
kh0dv1dt93,td9n29q810
k06ww77w0k,u05u63c00g,6688g8gj4n
t14th8cv21,9g5gb1zb5q
sj19k46w4v,jh3cz3398j
n872v2dh6t,hh6c24rr4g
ns0ks6kv7z,nz80k27678
416su65j4r,cj87h1g26v
gb1ud0s98k,qv3bz62v3h
348gf0p582,6t0gt5gs6j
707wm1532h,gh9b56fm8h
zg6g15w107,pz51g0kg7t
ug9f47jh2c,p26pz5342h
513tt4h23u,dj58c9sk60
n58cf9kr55,cr5n874c6q
804ug9gm3z,0g3gu46285
vq2s46jr81,u639z9264z
qz22b8u076,m61bk1876c
p55db7u84b,su6445k16s
jd4pk08h3g,dn3zs2mr10
5717m05c1c,901zc7t44r
ru93777h69,1g0ht2hk8d
bv79s1n09k,736m04078s
zp3vt1j99k,3f4kk95n00
kd1qf8m12j,tu3513wj7b
9w08w39h0m,fn10p0z81k
up6tu36s8s,6688g8gw2s
s46h12wt63,ws8hd7qf3g
nc5s75823r,hm52f7m902
mc8rb6uj2r,gm81j98s0k
r49g44k95j,0p0wp9vc8t
930ns0n86r,599z030h5w
7940r9nj45,v11vd6qq1z
9c6ru94554,9s1kh0fj51
hu15m6357s,610vq2ss3k
mp4vh5dd9g,dj58c9rs7q
v69862cf47,183416th2d
t727941u4s,rr1pg1jd9q
5h7br8n792,qv3bz62235
d21rf5m852,zc7rn3128n
zs2k64bu0t,pv6b27qj3m
r49g44jr0b,fb4wh2f092
696zw19g01,9k45q4s77p
s46h12w83r,251fj29v7q
7h1dj5cq08,rb6vu0737v
np1wd3qw1z,696zw1b95f
2j6833pj36,d50ft8fb8q
8c9r20sk7r,us5j96274p
p843r0rp7v,4m91834t5k
rf5k93244h,b56d21s51r
gm81j9801j,rv0cv4ct96
su6445jd2b,cn6uw48f15
hh6c24rm5p,jm23b5u057
833mw28z0t,d21rf5m557
4m91834s3p,2b8v98048t,mc8rb6wq5t
ru93776q0v,5717m04j34,0v89g5h104
3775t3gh36,rb6vu06u8j
k649p2ww8f,mk6542k56j
c24qj78n34,9s1kh0fh8p
513tt4g779,zw18k75z36
v40js9j610,7s7hq3sg8r
8k74t6fq01,qb9v11wf01
057cr5nt1u,fu73t9f204
b56d21s88r,kw57d2qz79
2z12n50235,6d5p844h6g
z02z31pf4d,959c53fr7z
9882j6935h,5717m04z0h
6h4cn7049s,gq6qz24501
z31ng4j73v,r785h7dp62
3u83j3b32f,qn5z60dt2k
2z12n50m4w,cv4bn9z37s
td9n29q543,n00zp3u954
251fj29z4m,513tt4g96j
nc5s757f0m,8g8ff3mh7c
4t6f18su01,nk3610wm95
r49g44jn99,p843r0qk9d
jh3cz32t8f,gm81j9845w,jq0sq8r73m
445h98zz4u,up6tu36f81
1g0ht2h77b,6w96689664
zg6g15v873,ru9377757v
ff3kw5869w,hd7np1un4b
4746q1th0m,5u2599zp6g
qz22b8wn76,ug9f47hr97
gf0ms3m42h,nz80k27739
3775t3h01p,df6k06up9b
tq5r786u0k,8p5v698u9p
k649p2uc49,wh2d79678q
rr1pg1jg51,610vq2t73d
sq8qb9wc8b,h707w67z2q
cf9j38m61w,086348hf04
416su64t0g,bk16m3467z
m03us5k65z,fb4wh2ff9n
dr2p55fd2v,cc0tq5s06h
319s17tw15,9c6ru94u0n
wh2d796h4p,db7vm44g6w
uw47p8vz74,qv3bz6327n
hm52f7m50z,m32n58f95b
445h99069v,416su65s0f
p26pz52n41,tm71v5db0u
k35m903s7k,cv4bn9zc89
5t3fu75h0c,q23qv3d54h
ud0qr4qk2n,m901z42u18
s17sn02633,7m03u85738
p843r0qz1z,td9n29r16v
fq9q23ru69,pn8u92384p
f47gq6sq82,mg7fq9r70t
ww76t0j39v,9g5gb2039g
z31ng4hu90,5q4rj4bb89
1z41r6pk77,6h4cn6zv66
4f1mg7gj8r,0p0wp9ts7k
np1wd3rr13,ks6j09u50r
0000000v16,hu15m63z9r
rj48p5wf4z,8g8ff3nm08
4q7qn60t8t,4q7qn6043r
w66930qr5c,d795718n78
rf5k93303b,sf2m61cs9d
h12v40mm4g,z60bv7c319
c824b2zv3d,kw57d2r960
154dn40n88,7h1dj5b31c,3u83j39u1h
3r0pr7pb06,251fj2b58r
0000001j6h,k35m90332h
348gf0nq0r,v69862d754
gb1ud0rt9s,ks6j09uv5t
7s7hq3st5k,6h4cn70k1w
z02z31qg7v,rv0cv4cw5h
dj58c9s38r,tb0up6wv9w
ug9f47j12h,pk06w9837z
9s1kh0fv6t,js9h41mb60
9882j69t3p,br8mc8sc65
5h7br8p19n,hd7np1uh6v
901zc7sn68,u34mk67419
2f7jq0tn1v,sb3ws8kc04
kd1qf8kj42,nk3610uk8t
ht2g738t7v,zp3vt1hv18
gm81j9892b,d21rf5n25n
8911n8091v,0p0wp9tw91
4j09w0bh99,833mw29881
w37kp7wm2u,s46h12wb7j
rb6vu07v0r,1j9765b86k
t14th8cq37,c24qj79j3j
3n20c4v53p,b27pn8z98m
kk94748j9d,r785h7d00p
ft8df6ms59,0r9m32p22v
b27pn90139,s756d5qh0u
9882j69374,2n4zg6hn4d
uw47p8wb4g,z02z31ps17
0000000v0w,pc2t43kt19
086348h91b,jm23b5z17c
cf9j38mf4r,dv1cj89853
959c53gn7c,8p5v69962z
sq8qb9w79j,5d8nc5tw66
ff3kw58g37,1n7uk86445
gq6qz2451b,348gf0np98
7659c6tm8s,qv3bz62c3n
tu3513ws4b,hd7np1uh5j
wm13n21n6p,q814m9356v
kh0dv1fd4g,2v2c825769
6688g8h40b,qj77s7ju07
h12v40kw7c,br8mc8t31n
707wm1599b,4t6f18t85k
u921c1vq3r,zk55d8qd22
k06ww77u71,tt4fn12n0w
m03us5kf8t,k93125s37k
n00zp3wz7r,fj29884b3p
5u2599zu81,639k35nz3g,df6k06uz2c
uk84j0cw2p,gf0ms3m02d,1c1td9nz4p
j96057dv8c,st7dr2r40f
j96057fk5g,q23qv3d52w,639k35n76m
3b5w66b04t,8w3805065q
1c1td9pp23,0k26970r2w
rv0cv4dm19,s17sn02605
up6tu3698u,445h990u43
q52f76794u,fq9q23ru4p,qv3bz63298
u921c1wf0v,tu3513w265
sj19k47n9q,zp3vt1ht85
3f4kk95504,d795719c2r
8k74t6gr4s,7659c6su1v
4t6f18v030,bz6154fp39
mc8rb6u22w,rj48p5u50r
4f1mg7gn9w,ms3jw88c70
3t9d50hg29,nc5s757k11
1n7uk85d6r,qj77s7km8g
jm23b5ub0f,z31ng4jn35
uw47p8vm7c,jw86h4fh10
6d5p844p8g,u34mk6742m
fu73t9fz1m,3n20c4tf6k,qb9v11wm4n
d50ft8g68v,mk6542kc0b
rb6vu0742k,0v89g5hu2u
pk06w97d01,0000001j7t
7m03u85766,hu15m6393n
nk3610wu3s,3t9d50hg4u
028pc2vq43,sb3ws8jp4m
v97zk57d6w,u34mk66f63
9c6ru94929,qn5z60ds7v
kw57d2s15q,tb0up6w65d
g44hm5481v,6m3319t20j
ks6j09u59j,bc3st7gg8w
6m3319tq6n,028pc2v166
2v2c825z63,c824b2z58f
ms3jw87q2z,z31ng4jn7d
4t6f18t965,pn8u92388u
ns0ks6k73r,np1wd3rr5b
5q4rj49p38,hu15m64023
d50ft8g70n,k06ww77z9u
2z12n50f1k,8c9r20tg00
qr4nk3780q,4q7qn60v1u
cf9j38mg5b,0z70v8c31d
wd3pv6cc76,w66930qs03
j678s4kr59,rf5k93307k
ud0qr4pw7f,mp4vh5f74s
5u25b0001z,gu44q7sg2d
c53dz04q2w,ff3kw58h4t
pv6b27qw3c,7h1dj5b349
3r0pr7pb4f,348gf0nr1b
bn9u05z837,0000001k0u
v69862d782,vm42r3q56h
cj87h1fm8n,qf8jd4rg6k
st7dr2qf6j,6688g8gr30,kp7tm73q49
k93125rf2j,vh5cc0wq0w
qr4nk37u8f,br8mc8sd54
m03us5m57j,wp9t14vt9z
c824b2z574,g73707zd7u
bk16m34s7n,w66930q31w
6t0gt5h16q,d50ft8fj16
319s17v82r,u639z91m2d
z892806z2w,pn8u922k9g
g44hm53k3q,th8bg2k60n
pr7mp4ud80,3t9d50gs6s
k06ww78n8c,mw28912v5d
125q815j41,fb4wh2g19k
nv9959dc34,9k45q4t88h
222r49h233,5t3fu75h4m
222r49hr29,fb4wh2fc09
z89280682c,u921c1wf2g
gb1ud0rv8r,sj19k47p1h
ns0ks6ku1n,vh5cc0w11p
j38kd1s91j,cj87h1fm7b
wh2d796j2b,db7vm44j1w
df6k06z036,8k74t6gr7q
4t6f18v05m,sq8qb9w89t
k649p2u85s,125q81673g
bn9u05z82u,w950g3ju4m
hd7np1uj5t,rj48p5u53p
1c1td9p05h,mw28913j4v
h41jh3fs3q,jd4pk08246
uk84j0c66d,cc0tq5t09p
0c4sj1c566,fn10p0ut3c
vm42r3qv61,zk55d8pq57
736m03zs92,qz22b8u774
r20rr1qq13,m61bk18g69
gf0ms3mq26,n872v2df96
jh3cz3367d,bn9u05zz0t
us5j961h5z,6w9668b58q
zc7rn32385,9z9086464n
tq5r787g91,kh0dv1dq7n
v11vd6q830,pz51g0kq7r
zs2k64c144,k649p2uz40
7659c6sz3r,ff3kw5962z
9p2w37nf0m,bz6154fq4w
5u25b00p05,gq6qz23g64
2804u5620v,mg7fq9r79m
ug9f47jr29,r785h7d118
0r9m32p31t,sq8qb9u002
nz80k28666,4f1mg7gq0n
862b854g1t,j678s4mf4r
df6k06zp2d,cz3222s732
8p5v699u2r,hq3rv0f06m
513tt4h93v,ng4gm82r92
183416vj2u,s756d5qh9q
wh2d79771s,ww76t0j494
rr1pg1kf8u,5d8nc5t689
n00zp3up6g,dz02z13r3c
jq0sq8rh5f,cf9j38n54s
pg1hh6d86m,7s7hq3tj49
t43hu16w74,416su65s4p
086348j102,uw47p8vn8z
td9n29r175,2n4zg6gz7k
pn8u923850,6d5p844q92
b56d21sh2t,jw86h4fh29
fu73t9f85b,f76639mw36
kp7tm73153,9g5gb20418
qb9v11wn57,5q4rj4bb9m
v40js9jd5w,1z41r6pk8j
u639z92892,0k26970s25
833mw29970,sf2m61dh6h
hh6c24rp6j,np1wd3rr3q
n872v2df8w,j09w08z46f
445h990j6p,d795719c32,s17sn0270f
ws8hd7q03w,8g8ff3nm1k
4q7qn60t94,1j9765b95j
0z70v8c289,599z03026m
901zc7sp4u,w66930qr70
rf5k93305z,dr2p55ff52
ms3jw88c89,jh3cz33663
p843r0qz84,h12v40mm63
t14th8cr1w,c824b2zv4q
7h1dj5b32p,us5j961h4n
542j67bf66,2j6833nt2v
6688g8gf26,1c1td9pp4q
wm13n22c5d,9z90864621
rv0cv4dm47,fq9q23rz4z
kh0dv1dq6b,n58cf9m05b
q814m92g91,hd7np1z748
cn6uw49g0c,v11vd6q81c
7w6736np8z,zs2k64c12h
3f4kk9561q,pv6b27rk06
7659c6sz14,k35m903s8w
bz6154fq3k,fb4wh2g17z
9k45q4t85k,gq6qz23g5t
5t3fu75h20,mg7fq9r789
251fj2bw5m,r785h7d09g
ud0qr4qk48,w08w951s0g
0p0wp9tu80,sn00z72t23
nv9959f20z,862b854g0h
hq3rv0f059,j38kd1s89r
db7vm44h8s,ww76t0j47h
8k74t6gr53,5d8nc5t670
4u54f1p47m,jq0sq8rh3t
154dn41c5c,2n4zg6gz68
fu73t9f83q,wd3pv6d25b
zw18k76561,rn3028r933
c53dz0410r,mw28913j27
h41jh3fs0s,0v89g5h73q
cc0tq5t072,ht2g73849z
1v5bc3tr5k,7p8tb10d00
3u83j3bm74,js9h41kn8v
057cr5pv5p,2v2c82586k
vd6nz82j5v,qj77s7jz0h
c824b2z55h,qn5z60ds57
w950g3j73s,kw57d2s12s
g44hm54792,j09w08uf89
bg2h709n2t,u639z91m0s
pn8u922k7v,2z12n51387
z60bv7c38g,z60bv7cs80
g73707uq5j,pz51g0kq4t
k649p2uz2c,bn9u05z809
804ug9g60q,4q7qn60119
fj29884b40,qz22b8wj5r
7w6736n074,9s1kh0gk2m
610vq2tt05,hd7np1uj2w
wm13n21p31,2804u56182
542j679r4t,ug9f47jq96
j96057dw8n,sq8qb9wz7q
uk84j0c63g,nz80k2864k
j96057fk6s,9w08w39187
q23qv3d60j,dj58c9st49
zk55d8pq3m,8s4jm2522c
gh9b56f550,513tt4h917
r20rr1qp99,183416vh9t
804ug9g51r,wh2d79768p
n29p26rt8g,s17sn0269z
1j9765b93u,h98z89426f
dr2p55ff4r,7s7hq3tj2p
416su65s1r,t14th8cr0k
2f7jq0tn81,086348j088
kh0dv1dq51,vm42r3qv33
251fj2bh8h,qv3bz6330r,3f4kk9559u
m32n58f988,mg7fq9r76p
gb1ud0sj6w,r785h7d07v
vu05u26m6r,bk16m34s51
4f1mg7gp7j,6t0gt5h13s
f18sb3ur69,js9h41kh7f
862b854f91,319s17v804
1n7uk85g8u,nc5s758912
jm23b5ud3u,hm52f7mh9h
uw47p8vp9j,cv4bn9zr71
b56d21sj3d,833mw2b06f
4b2u34p743,kk94747u3b
v40js9jf6g,0k26971g1m
zw18k7668u,vu05u27956
r49g44kj2j,3n20c4th8r
gm81j9908z,rb6vu0764r
4m9183518d,bv79s1n786
736m040g63,8911n7zn71
ht2g73862b,3b5w66bq20
fn10p0zg9q,u34mk66g6c
9w08w39q7f,9882j6956c
639k35nz4s,js9h41kq0u
z02z31pv1s,2f7jq0vb8s
up6tu3717n,2r3nv9b51s
b853f4mp6m,su6445k85d
p55db7uh3z,ks6j09u69t
jd4pk08r23,v69862cm0c
3r0pr7np3n,dn3zs2mz94
8w38050661,7h1dj59f54
h12v40kz9j,5717m05k9h
1g0ht2ht6q,rf5k932b8d
0z70v8bf27,wp9t14wh6s
ru93777r4m,sn00z72563
n58cf9m03q,251fj2b770
hd7np1z71b,9k45q4sm81
k35m90351r,cn6uw49f8k
804ug9gv0z,z89280693z
jq0sq8s63k,6t0gt5gc5u,sn00z72f4p
dz02z14f1h,gb1ud0rw81
vh5cc0w228,959c53gn8p,5h7br8p204
7s7hq3sw54,u05u63cz8p
h98z893d9w,ng4gm83f5k
hq3rv0fp2w,rr1pg1js9r
183416tw3r,cz3222su0n
mg7fq9ru4k,8s4jm24d64
nz80k27j6q,gq6qz2452n
c24qj79j4v,ug9f47j31r
2804u55d1p,7940r9ns2g
3j3902110p,610vq2t53v
9s1kh0fu52,zs2k64cq1q
zg6g15vm10,v11vd6qu93
br8mc8sf5d,q814m93575
m61bk17t6t,kh0dv1fd5s
vq2s46jc0h,ft8df6ms6m
4746q1tf2p,b27pn9014m
804ug9g64z,696zw1b827
2j6833ph00,hd7np1uk4s
us5j96261g,n58cf9kb65
1g0ht2h59d,t14th8dd8j
p843r0rn68,8w3804zj98
jd4pk0834g,jm23b5z18p
su6445jm8v,dv1cj8986d
2f7jq0tq03,930ns0nh42
599z030r36,9w08w3931m
1j9765c02c,kd1qf8km4m
ws8hd7qp1s,tu3513w48b
3b5w66b25p,s46h12u24n
th8bg2k58v,bv79s1mm0h
r49g44jw50,pr7mp4ud6c
k06ww78n5f,4b2u34nk67
f76639mw2w,cv4bn9z39d
s17sn0282b,9g5gb2040z
599z030376,5t3fu75h1p
dv1cj88n0b,j09w08z454
h12v40mm5s,p843r0r09z
7m03u8574k,us5j961j4u
028pc2vq15,b27pn8zc7v
ks6j09uv64,v97zk57d2n,1v5bc3ts5v
bc3st7gg68,tq5r786v1b
f47gq6s327,2v2c825z35
jw86h4dv4f,tb0up6ww0c
2v2c825975,pk06w98388
f47gq6sq9c,ks6j09u68h
5m6251h66h,028pc2v24v
h12v40kz87,w66930qr6p
rf5k93304n,125q815k49
mp4vh5f725,d795718q6h
c53dz04p9s,u921c1vs4m
m03us5kh9p,kp7tm73q2p
b56d21t585,3u83j3b000
rr1pg1js8f,6d5p845d6w
2r3nv9bs8u,8p5v699816
nz80k27j5d,z02z31qg85
pg1hh6dz4h,ff3kw58j3s
pv6b27qu2b,tm71v5db17
6w96689j01,pv6b27rj9q
m32n58dn93,k649p2uz12
0c4sj1bh5d,ff3kw5960b
9p2w37nd8t,cn6uw48t0w
rv0cv4cz4r,5u25b00n72
251fj2bw49,542j679s71
ud0qr4qk3z,j96057du97
sq8qb9wz6d,639k35n97g
k93125rg06,nz80k28638
j678s4mf24,tt4fn1203k
zk55d8pr5h,df6k06zp0s
8p5v699w9n,3b5w66b24c
707wm14p2z,4u54f1p469
br8mc8sf43,154dn41c42
m901z4300r,wh2d79767c
r20rr1qr2p,rr1pg1kf50
vt1gh9ch3q,n00zp3up4v
h707w68u2p,4746q1tf1c
cr5n873z7g,cf9j38n51v
hh6c24rq8f,7p8tb10c9h
3u83j3bm6t,s17sn02811
1g0ht2h583,086348j07z
vh5cc0wp83,dr2p55fg6n
jh3cz3377p,qr4nk37u6t
su6445jm7j,g73707zd40
bg2h709n1h,up6tu36c8g
6q1sf2nv9v,6688g8gg2g
319s17v79n,9z9086473m
z892806z08,kh0dv1dr6m
9z90864w17,r49g44jw4p
862b854h13,up6tu3716b
nc5s757n2w,t14th8dd77
p843r0rn5z,1n7uk85g7m
1g0ht2ht5d,125q815k1c
ws8hd7qp0g,j09w08ug6z
s17sn02w85,u921c1vs1p
n872v2f461,1z41r6nu82
9g5gb1zg08,hh6c24sc4p
k06ww7806h,cr5n874m3q
z60bv7c48r,804ug9gt9g
4746q1v27f,6q1sf2n69m
0k26971g09,qr4nk3786k
vt1gh9d51k,057cr5p65f
r20rr1rc92,cf9j38mh2p
rn3028qn29,m901z43m7w
154dn40q38,9s1kh0gk19
df6k06z092,2b8v98162r
p26pz53b9b,nv9959dd0g
sn00z7251j,dj58c9st30
5u25b0007t,542j67bf4k
fb4wh2fc7g,n29p26rt75
7w6736np6b,k35m90347b
tm71v5cp22,vm42r3qv2s
348gf0nr6w,m32n58f97z
6w9668b563,gf0ms3m20b
445h99083j,zc7rn3234u
pr7mp4ud52,hd7np1uk1v
9k45q4t848,n58cf9kb37
ru93777332,222r49hq96
hh6c24rq46,sn00z72t1s
cr5n873z4j,db7vm44h7g
8k74t6gr3g,833mw29b4b
4t6f18v02p,4b2u34nk39
154dn41c3r,0k26970s9b
wd3pv6d241,vt1gh9cg99
rn3028r92s,r20rr1qq7z
m901z42z63,mw28913j1u
h41jh3fr99,gh9b56f658
bv79s1mk63,cc0tq5t05f
3u83j3bm5h,736m03zt53
057cr5pv4c,3b5w66b21f
vd6nz82j4j,zk55d8pr18
qn5z60ds4u,tt4fn11z9u
kw57d2s11g,q23qv3d69b
kd1qf8kk9w,g44hm5477f
bc3st7gg5z,fn10p0ut97
9w08w3928h,nc5s75890r
hm52f7mh86,639k35n94j
cz3222sw95,2b8v980j28
0p0wp9vm5t,uk84j0c72f
vu05u2794w,p55db7wv1v
8w3804zj51,mc8rb6ur9k
1c1td9p11j,bz6154gd0d
zp3vt1jj6k,n872v2dg57
599z030r4h,s17sn0277m
125q816725,ws8hd7q107
p26pz53c0t,mw2891354t
h707w68j5k,dn3zs2n00v
ks6j09uv7f,rf5k932614
3r0pr7nh7h,us5j96262s
qr4nk37u5h,hu15m6308q
pz51g0kn8h,0z70v8b38b,z02z31pp5n
d50ft8f89g,sq8qb9wu7f
8c9r20sh8h,uk84j0cs91
dj58c9sr7p,ht2g73815w
c53dz03s0k,1n7uk8631z
4j09w09q73,j09w08z35v,v69862c98c
qf8jd4qj6w,wp9t14wf20
h41jh3fq2v,b56d21s81k
nv9959d24z,h12v40kv73,h41jh3dv1d
7p8tb0zg2q,v97zk56n58
sb3ws8jm2f,qn5z60cv6v
7659c6sr7b,4f1mg7gh47
416su65q6r,222r49h80t
q23qv3d08c,610vq2su7u
c824b2zr84,sb3ws8kb9n
pv6b27qp7z,k35m902u64
0v89g5hu4j,9c6ru96j8k
8c9r20tf9h,n872v2gq78
hm52f7p39p,d21rf5n28k
ht2g738t9g,4b2u34qt6n
nk3610um0m,mc8rb70c0f
sb3ws8kc2r,gm81j9bk96
736m04228w,u34mk67447
3b5w66d93g,1v5bc3vf6n
tt4fn1471c,5m6251h684
q52f769m28,9882j69t6m
kd1qf8nv13,f18sb3zk65
js9h41mb8m,9w08w3c997
pk06w98402,cr5n874g4u
tb0up6ww39,h707w68s46
z31ng4jn63,057cr5pq6w
vd6nz82d62,2v2c825z5s
6h4cn70k4t,qn5z60dn7r
b853f4nb5s,m03us5m17f
028pc2vq3s,g73707z86h
bg2h709h31,v97zk57d5k
qj77s7kn1k,6q1sf2nr07
2z12n50z8w,ks6j09uv8r
g15t72936v,z60bv7cn96
h12v40mm7d,td9n29qw9f
pr7mp4u87k,c824b2zv51
k06ww78h7z,7h1dj5b330
f76639mr4d,3r0pr7pb34
9g5gb20015,0z70v8c303
w66930qr9m,5q4rj4b69h
rj48p5u52c,1z41r6pf9r
u639z9251r,ms3jw88d03
sj19k47j1d,ns0ks6ku0b
j09w08z482,ns0ks6ks1j
j09w08z08z,d795719c4c
d79571975k,8g8ff3nm2w
8g8ff3ng33,4q7qn60v0m
4q7qn60q24,5q4rj4bc03
1z41r6pk9v,125q816322
sf2m61dh84,w950g3js4h
pn8u92387m,rj48p5u13k
ms3jw88800,k06ww78n72
f76639mw5t,h12v40mg79
c824b2zq5u,9g5gb2042k
bg2h709n4f,7h1dj59z4z
6q1sf2nw1n,3t9d50hb3h
2z12n5139j,6m3319tk7v
z60bv7cs99,028pc2vk3p
v97zk5785g,td9n29r18g
qj77s7kh05,057cr5pv60
vd6nz82j65,ks6j09uq7b
g15t728z56,qn5z60ds6j
kw57d2s14d,b853f4n65p
z31ng4jh79,g73707zd6m
2v2c825t79,cf9j38n53g
tb0up6wr36,7p8tb10d2m
pk06w9800z,3u83j3bm8f
154dn41c6p,js9h41m68h
wd3pv6d26n,f18sb3zf7c
9c6ru94t9m,rn3028r94d
5m6251h29b,mw28913j3j
h41jh3fs2d,1v5bc3v96j
u34mk67044,j38kd1s907
db7vm44j0k,sb3ws8k72n
8p5v699u1f,nk3610ug0h
4u54f1p497,ht2g738q0v
d50ft8g292,5u25b00n9p
8c9r20t99d,251fj2bw77
ud0qr4qk5k,4m91835j77
sn00z72t3d,0v89g5hs34
w37kp7wg34,nv9959f218
pv6b27rk1h,rb6vu07q1z
k35m903s96,mk6542kz1b
fb4wh2g188,gu44q7sb29
9k45q4t876,c53dz04k2s
7d2q52gt0f,bk16m34s6b
348gf0pd7p,3n20c4v16h
zw18k76q6f,zc7rn3237v
v40js9jz40,tm71v5db45
vm42r3qv5q,qb9v11u64k
qv3bz6332c,kp7tm73k46
fu73t9ft4f,m32n58f99k
gb1ud0sj76,b56d21t215
n29p26rv08,6d5p84588d
2n4zg6hh6u,cj87h1g95g
7s7hq3tj30,uw47p8w679
416su65s3c,t43hu17f7s
0c4sj1c55w,pg1hh6dt5q
513tt4h92j,jq0sq8s253
dz02z14931,183416vj1m
wh2d79770g,959c53gh9w
5d8nc5tr7d,rv0cv4dm3u
1n7uk8606p,sq8qb9wz9b
p26pz53c14,ww76t0jp87
s756d5r282,dj58c9st5m
8s4jm2523p,ng4gm8398d
k93125s396,hq3rv0fj5q
cz3222ss25,fj29884b6m
9s1kh0gk3u,862b855105
4f1mg7h79t,2804u5619c
ug9f47jr10,0r9m32pn0u
3775t3hj9k,w08w952b1f
zg6g15w79p,r785h7dk1p
tq5r787g8q,mg7fq9rs8q
gq6qz2415g,pz51g0kq6f
qz22b8u76t,bz6154g837
m61bk18g50,7659c6th23
gh9b56fv8f,3j39020w1n
br8mc8t34k,zs2k64ck37
707wm15b14,v11vd6qt23
cr5n874m5b,q814m9319p
kh0dv1f860,804ug9gv2k
fq9q23sh4m,0g3gu4697s
9z90864r3r,vq2s46k07w
696zw1b44r,wp9t14wh73
2j6833pc3t,ru93777r5u
us5j962249,n58cf9m041
hd7np1z73z,t14th8d907
p843r0rh7g,jd4pk08r3d
jh3cz33r56,dn3zs2n015
dr2p55g05q,901zc7tc4p
930ns0nc7w,5717m05m19
1g0ht2ht71,599z030m7b
1j9765bv5z,6688g8h42z
2f7jq0vc0k,ws8hd7qj39
s17sn02s0v,up6tu3718z
n872v2f08j,su6445k86q
hh6c24s77h,736m040g8q
3f4kk95w0u,cv4bn9zm87
833mw29v8q,zp3vt1jj9h
9w08w39q92,4b2u34p36m
0k26971b2t,kh0dv1fd63
vt1gh9d12s,fq9q23sn4q
r20rr1r80f,9z90864w2j
gm81j99098,m901z43g9d
gm81j98v9u,bv79s1n79h
3f4kk95v9f,bv79s1n40w
736m040b8m,zp3vt1jj86
3b5w66bk4h,v11vd6qz0k
q814m9358g,zk55d8q84k
tt4fn12h2d,mg7fq9ru5w
gq6qz2453z,q23qv3dr2k
bz6154gd1q,kd1qf8m42c
7659c6tm93,fn10p0zc2q
862b85549s,9w08w39m0f
639k35nt69,4f1mg7hc79
2b8v981248,0p0wp9vm64
uk84j0cr5h,vu05u2796h
st7dr2r04k,r49g44kj3v
p55db7uc45,s46h12u25z
nc5s75892c,jd4pk08m4m
hq3rv0fp36,dn3zs2mv1t
8w38050277,cz3222su1z
542j67b95s,959c53gn90
1c1td9pj4m,5d8nc5tw7h
1n7uk8645g,wm13n2276m
ru93777m64,ww76t0jt6q
t43hu17k4z,n58cf9kv69
pc2t43kt2m,hd7np1z345
cn6uw49b08,jm23b5z190
su6445jf5j,w950g3hu5p
3r0pr7nd99,c24qj79m1g
4f1mg7gt7n,7940r9nt8m
3j3902126t,rv0cv4d226
h98z893h6s,zs2k64cr85
v40js9k50n,gf0ms3m505
bn9u05zc9u,qb9v11ud00
kk94748m8n,348gf0nv6q
pv6b27r10s,ft8df6mv4j
b27pn90317,5u25b0038z
ud0qr4q155,696zw1b99p
2j6833pj8r,nz80k27n4u
uw47p8wd2d,df6k06z41p
t43hu17n2w,4u54f1nk7z
pc2t43kw0j,wh2d796n81
jm23b5z36m,h707w68c3k
dv1cj89b31,cf9j38mm2h
7p8tb0zv04,930ns0nk1p
599z030t14,vh5cc0w50g
1n7uk8661s,g73707uv5n
bg2h70932d,ww76t0jw4n
319s17tq0g,s46h12u42k
nc5s758b8h,f76639mb3s
hm52f7mk5t,5t3fu74z2b
u921c1vw1h,cv4bn9zt3b
ns0ks6kb84,833mw2b232
4f1mg7hf4u,8k74t6g65p
w950g3jc3w,0p0wp9vp42
ms3jw87t8n,vu05u27c34
v97zk56v20,r49g44kk90
mc8rb6ut66,ks6j09u971
gm81j9925k,bc3st7fu7u
bv79s1n964,2v2c825d42
7659c6tp6q,tb0up6wb18
9c6ru94d80,3f4kk95u7c
1v5bc3tw32,zp3vt1jm5t
sf2m61cz5j,tu3513wv1z
hu15m63f14,q52f76828g
kd1qf8m979,hd7np1up20
fn10p0zj7n,804ug9g91v
0g3gu45r74,9z90864u8p
qz22b8wp5v,6688g8h583
2f7jq0vd5d,gf0ms3m51g
up6tu3733z,br8mc8sj3m
fj29883s5n,p55db7uk0k
jh3cz33z1m,610vq2t812
dr2p55g614,ug9f47j59s
j96057f17p,901zc7tf19
5717m05n7f,513tt4gr2w
1g0ht2hw3b,wh2d796n9b
n29p26r89c,wp9t14wk3d
cj87h1fr5t,ru93777t2j
416su6572n,n872v2f63n
086348hg0d,hh6c24sf2m
qv3bz62j1d,cr5n874p2z
804ug9gw8q,bk16m3476u
4746q1v45c,319s17tq1s
0g3gu46c33,k35m90379s
5t3fu74z3n,vq2s46k24h
r20rr1rf6p,sn00z72849
db7vm43z9f,m901z43p5t
gh9b56fu4r,4u54f1nk88
br8mc8t49d,wd3pv6ch60
mw28913034,707wm15c6z
cc0tq5sf8q,3775t3hm4k
zg6g15w950,3u83j3b281
057cr5p96k,tt4fn12p8n
qn5z60d75t,q23qv3du8t
kw57d2rg24,k93125s56t
fj29884d2u,g44hm53q0w
bg2h70933q,9s1kh0gm92
610vq2tv7m,2z12n50j9w
2804u56360,td9n29qg8t
f76639mb43,uk84j0cz0m
1z41r6p19f,st7dr2r59h
j09w08uk6s,p26pz53d8k
j96057fn4q,8g8ff3n22g
0z70v8bh9z,dj58c9sw1u
513tt4hb90,rf5k932f6m
1c1td9pq9j,h12v40m270
000000108q,wm13n22f1q
rv0cv4dn92,qj77s7k30v
g15t728j66,n29p26rw53
h98z89442r,6h4cn70133
cj87h1gc0g,z31ng4j35c
7s7hq3tk94,pk06w97k0d
445h991028,9882j6984k
0c4sj1c72h,nk3610u206
vm42r3qu11,8911n7zr4u
qv3bz63476,0v89g5hc44
rb6vu0792z,m32n58fc4k
gb1ud0sm26,c24qj79062
6688g8gk29,bk16m34v2n
2f7jq0tt0u,6w9668b741
us5j961n3f,348gf0pg49
t14th8cw0p,zc7rn32535
p843r0r38g,tm71v5dc90
pv6b27rm6b,jh3cz33b66
k35m903v5h,dr2p55fk55
901zc7st3q,fb4wh2g35w
5717m0520k,9p2w37ng5f
5u25b00q50,ws8hd7q430
251fj2bz27,s17sn02c0j
ud0qr4qn0k,n872v2dk80
sn00z72v87,hh6c24rt6n
cr5n87425u,nv9959f37d
j38kd1sb7p,4b2u34np62
0k26970u3k,df6k06zq77
r20rr1qv16,8p5v699z8w
gh9b56f97q,4u54f1p65j
154dn41f20,z892806d2g
wd3pv6d42z,th8bg2jn00
rn3028rc11,k06ww7837n
9k45q4sq7j,n00zp3ur1g
h707w6900v,222r49h62w
cf9j38n703,5t3fu74z4z
7p8tb10f8r,j09w08uk73
8k74t6g679,3u83j3bp4r
125q815p3t,057cr5pu29
ms3jw87v0f,vd6nz82m3s
3t9d50gu48,qr4nk3803p
m03us5m73v,v97zk56v4m
g73707zg37,kw57d2rg3f
g44hm53q16,bg2h709q0r
2v2c825d5c,6q1sf2nu6g
z31ng4j36p,2z12n5154j
pn8u922q7z,z60bv7cv5m
th8bg2k76s,jw86h4dz48
f47gq6s61r,pr7mp4ug5m
5m6251gn75,k06ww78q4p
f76639mz14,sf2m61cz75
8c9r20sw9v,9g5gb2058q
rf5k932f7u,5q4rj4bd67
c53dz0450v,1z41r6pn6g
u921c1wg8m,3r0pr7ns25
kp7tm7354w,sj19k47q8z
6h4cn7014d,ns0ks6kz7s
z02z31pz09,j09w08z64c
d795719f0p,jq0sq8rn47
8g8ff3nn81,u05u63cf02
4q7qn60w72,ng4gm82w7j
4j09w0b020,125q816889
w08w951u0k,w950g3k005
rj48p5u68h,gt5fb4ur9c
zs2k64c53u,h12v40mp2d
c824b2zu01,q814m92n0m
7h1dj5b494,b27pn8zg6c
3t9d50hj07,fj29883s78
wd3pv6ch79,028pc2vs0d
v97zk57g1w,rn3028qr52
qj77s7kp6d,mw2891304f
ks6j09uu3r,h41jh3f739
cf9j38mm44,g15t72951v
7p8tb0zv32,b853f4nd13
6m3319ts2z,3u83j3b29b
057cr5p97w,2v2c82612n
vd6nz82072,z31ng4jq2d
tb0up6wu84,qn5z60d764
kw57d2rg4r,pk06w9855w
js9h41md4u,f76639mb6q,g73707uv78
f18sb3zn3s,bg2h70935b
9c6ru9514z,6q1sf2nb2j
5m6251h84f,2z12n50k0c
1v5bc3vh1n,z60bv7c80c
u34mk67592,td9n29qg94
pn8u922q88,sb3ws8kd7k
ht2g738w63,5q4rj49t1r
d50ft8g85g,u639z91r16
ns0ks6kc0u,8c9r20th5t
8g8ff3n23s,4m91835r3n
0v89g5hz9c,0z70v8bj1r
w37kp7wn9c,ms3jw87v1r
c824b2z96u,rb6vu07w8h
mp4vh5f89m,3r0pr7ns3g
gu44q7sh8j,v97zk56v5u
c53dz04r81,ks6j09u99n
7d2q52h06u,6h4cn7015q
z31ng4j370,3n20c4v72u
pk06w97k1q,zw18k76u2v
513tt4h111,br8mc8sj4u
pr7mp4ww04,f76639mb71
4b2u34qt9k,jd4pk0bb84
dr2p55hq90,vt1gh9fr5r
901zc7vz95,r20rr1t03n
gh9b56hg1q,5717m07661
q23qv3gg35,1g0ht2kf1m
wp9t14z41p,9w08w3cb2b
ru93779c0t,p26pz54z59
n58cf9nm19,1c1td9r86h
n58cf9nk86,hh6c24v00w
7w6736q917,cr5n87671j
804ug9jf79,vm42r3sf94
4746q1wp3d,m61bk1b29d
0g3gu47u14,6w9668cs1r
vq2s46mm2j,tq5r789329
qz22b8zv2s,k649p30j79
gh9b56hg4n,sq8qb9zk3u
br8mc8vp92,df6k07184d
707wm16u59,4u54f1qr3k
n00zp4088g,3775t3k535
7p8tb1205q,zg6g15uv4b
q23qv3gg63,vh5cc0z930
qr4nk39j1q,k93125tq6g
fj29885z2k,m03us5ns0k
9s1kh0j58n,bg2h70c78v
zp3vt1m55q,z892808j4p
tu3513zd1v,pr7mp50105
q52f769m7t,9k45q4vw07
sj19k49839,kd1qf8nv5b
j09w090r2m,fn10p11354
9z90866g78,4t6f18wk75
t43hu16t0d,c24qj78j67
3j3902011r,5d8nc5t436
s46h12w91d,zs2k64bq2s
222r49gq7b,028pc2tw2m
v97zk56k33,mw28912h9w
qj77s7js9u,c824b2uv1j
sj19k46v94,m03us5kb4r
qv3bz62h14,4j09w09p9f
bn9u05zc04,rn3028qu3t
3u83j3b78d,zc7rn31h7u
8g8ff3mm5k,st7dr2qb2g
c824b2uv7d,p26pz52k07
j96057ds7h,pg1hh6cz8h
hh6c24rc90,8w3804zd7j
542j679n6m,804ug9fv4z
0g3gu45b0n,1c1td9nw44
gh9b56dv9h,wm13n21k5t
zg6g15v82j,rv0cv4ct3b
tt4fn11n4w,n29p26r19f
h98z893875,k93125r422
cn6uw48n99,9s1kh0fk6m
2b8v98066r,7w6736mw8c
p26pz52c4t,vm42r3q23r
m32n58dh90,8s4jm2427p
1c1td9np63,gf0ms3ku19
wm13n21c83,bn9u05z50g
n29p26qv2n,6w96689c84
pv6b27qs1u,cj87h1f985
7w6736mq1t,k649p2u53b
qn5z60gc6q,g44hm55v0g
s756d5qn3z,us5j961m91
nc5s757924,z31ng4j478
n29p26rb04,mc8rb6ws14
2r3nv9bq6r,sb3ws8k87g
6h4cn70h48,pv6b27rh3k
930ns0nf4h,kw57d2s016
cn6uw49d5c,k649p2uv6s
0z70v8c20t,mk6542m19m
zs2k64cm6f,g73707zc23
df6k06uv0u,kh0dv1f28z
gf0ms3mf39,m901z42j2j
ht2g737t22,w66930pr3h
rn3028qh7r,6q1sf2mt4s
rf5k932005,610vq2sr67
c53dz03p40,2804u55049
8g8ff3mj7n,cf9j38mc6t
wm13n21b7h,qn5z60d094
tq5r786f7w,0000000j21
kp7tm72p7q,vm42r3pt84
b853f4m986,ff3kw5850t
z02z31pg3c,bn9u05uu37
348gf0nd1k,jq0sq8r58m
5h7br8n16g,2804u5509v
s756d5q61r,ug9f47hp9p
pz51g0jq0b,ng4gm82f13
bg2h708v6g,ff3kw5855c
2z12n50b1r,f76639m38d,nz80k2753r
sj19k46m68,5q4rj49k3f
513tt4g868,4j09w09h5t
w08w951f3n,m32n58d87f
gt5fb4u93u,gb1ud0rh6c
7940r9mr7h,h707w67w7q
3r0pr7n90p,zs2k64bp6r
qb9v11w973,qf8jd4qf4f
b27pn8z09f,g15t72824q
b853f4m94z,696zw19778
2j6833ng6b,2r3nv99r9q
416su64r6s,us5j96157t
t43hu16j8p,z02z31pf8n
pc2t43js7n,js9h41k97s
ns0ks6k43u,nk3610wj9m
dv1cj8881m,vh5cc0vp39
1j97659z8g,qr4nk36u11
5d8nc5sv70,s46h12w205
cv4bn9ur1u,m03us5k504
833mw2900b,cv4bn9uq7h
vu05u2685p,vu05u2691q
r49g44jh8w,bz6154fc16
3f4kk94t9u,gm81j98035
q52f76702t,7659c6sm49
9z90863v21,3f4kk94v4n
2f7jq0t97z,tu3513vs0v
bk16m33s07,kd1qf8k75w
dr2p55f359,fn10p0ug4u,j09w08uc08
0z70v8b94r,1g0ht2gs66,2f7jq0tb2p
n872v2d37t,up6tu3611j
p55db7wg7p,ms3jw87m3f,804ug9ft1r
jd4pk07q6t,0g3gu45878,3t9d50gp78
dr2p55f39j,br8mc8s22f
g15t728996,319s17t755,901zc7sb8d
q23qv3cv0j,5717m04k4q
610vq2ss1z,1g0ht2gt1u
p26pz52b09,wp9t14vh10
ru93776q9n,1c1td9nn3w
n58cf9jz8h,7w6736mn74
154dn40b5v,cr5n873k92
pk06w97b3d,q52f767034
nk3610wt3z,2804u5510b
h98z893177,4m91834u15
4q7qn5zt16,ww76t0j213
r785h7cu2h,mp4vh5d648
v11vd6q55s,0000000h79
fq9q23rv72,b853f4m958
us5j961d7r,z02z31pg0f
wm13n21b66,804ug9ft69
4746q1t23z,pz51g0jp8j
0g3gu4591p,k649p2wu63
9p2w37md2q,vq2s46j01s
5u2599zn0b,qz22b8w70q
m901z42m23,183416th3q
028pc2tp66,br8mc8s270
n00zp3wn8k,3775t3gj25
qr4nk36u0q,q23qv3cv4s
k93125r333,m03us5k49n
g73707uc7d,fj29883b0h
bg2h708m57,610vq2ss56
2804u5514k,v97zk56c7p
st7dr2q36s,qn5z60cr9z
8s4jm2417d,6t0gt5g07h,319s17t74v
wm13n21b8t,z892805u40
th8bg2j52r,h98z89321n
pr7mp4wd08,445h98zu0d
vm42r3pt9f,k06ww77m8v
m32n58d93g,db7vm43h1c
6w9668952m,8k74t6fq8h
4t6f18sz65,hh6c24rm04
348gf0nd2w,ms3jw87c1w
h41jh3dr36,pv6b27qj57
7m03u84689,9p2w37md4b
3t9d50gf61,5u2599zn38
028pc2tp5w,ud0qr4pj99
sn00z71s74,v97zk56c52
qj77s7jm2c,8p5v698w6g
kw57d2r056,wd3pv6c20j
mw28912h78,kw57d2r07t
1v5bc3td64,bv79s1mg3b
sf2m61cg8m,639k35n590
8c9r20sf0g,1c1td9nw72
4m91834n9f,7w6736mu1g
gu44q7rf4h,m61bk17p8b
pz51g0jz08,2v2c824u86
610vq2t15c,z31ng4hm9h
kp7tm72p6d,df6k06uw62
rr1pg1jp1f,bn9u05zp27
vh5cc0vu37,ng4gm82d99
4j09w09h4h,th8bg2jd30
0r9m32nr24,222r49gz5n
j38kd1rh56,w08w951f2b
kk94747j4m,cf9j38m476
057cr5nv0w,2j6833ng4q
jm23b5u13w,vd6nz81j02
1j97659z6v,g73707ud0h
ws8hd7pn5h,6q1sf2mv42
z60bv7bs2w,s46h12w18c
nc5s75785s,td9n29q112
k06ww77n1z,hm52f7kh23
cv4bn9ur0m,5q4rj49b4t
833mw28z89,ns0ks6jw42
w950g3hw6q,zp3vt1hj1s
9w08w38q1b,rj48p5w45s
dn3zs2kz2q,ms3jw87c3h
5717m04k3d,7h1dj5927q
3r0pr7n96j,jw86h4dg61
wp9t14vh0p,ks6j09wv1b,w950g3j476
cc0tq5s726,6m3319sq0j
tb0up6vv71,n58cf9jz6w
804ug9ft50,3t9d50gp8k
qz22b8w68u,028pc2tu8r
br8mc8s26p,vd6nz81s00
qn5z60d10m,f47gq6rq38,kw57d2r77r
k93125r31g,g44hm53g46
6m3319sz0g,9s1kh0fj6b
2v2c825605,2804u5512z
8s4jm24163,z60bv7c122
f47gq6rz4h,9k45q4s799
sf2m61ch0d,9c6ru9463s
np1wd3qq7f,5q4rj49k4r
qn5z60cr8n,u639z91h5h
sf2m61cr1n,kw57d2r06h
np1wd3qz8p,g73707uc8q
hu15m6365f,bg2h708m6j
6q1sf2mv3r,k06ww77w1w,f18sb3uk1c
2z12n5031t,sj19k46w6g
z60bv7bs1k,4q7qn60264
pn8u92278d,028pc2tu92
k06ww77m95,g15t728b10
f76639kv87,z31ng4hw17
js9h41kk3r,w66930pr26
rj48p5w435,u34mk66b8w
h12v40kk9h,8c9r20sp4n
g73707uc07,sj19k4990n
6t0gt5fz9m,ms3jw8b092
mc8rb6wq64,kp7tm72r2q
q52f766z85,2r3nv99t8z
cz3222rw1f,dz02z13d29
mc8rb6wr25,r49g44jh4n
u05u63c08z,3t9d50hc9n
js9h41km1d,sj19k46r7p
k06ww77r1s,cf9j38md63
hm52f7kh4q,tq5r786r34
r49g44n567,mc8rb6ww9f
bv79s1mc7r,7659c6w848
3b5w669v1j,3f4kk97h4m
tu3513vu46,zp3vt1m63c
q52f769n6s,q52f767526
9w08w38v79,kd1qf8nw5m
fq9q23v873,2b8v980b3u
9z90866h67,up6tu36566
su6445jd58,6688g8jr6d
dn3zs2m38u,2f7jq0u03z
542j679k4f,up6tu38p0z
p843r0t904,1g0ht2gz58
jh3cz35h90,ru93776w4g
4746q1t68m,dr2p55hr98
vq2s46j47r,901zc7w08c
5717m07750,qz22b8wc5c
wp9t14z51z,m61bk17m37
gf0ms3kv0f,s17sn04j21
bn9u05z29f,n872v2gs1z
cr5n87680h,3775t3gp84
4746q1wq2c,zg6g15vc87
vt1gh9fs51,tq5r786m78
r20rr1t147,pz51g0jv4p
k649p2u32g,gh9b56hh29
ff3kw58b1h,br8mc8vq7q
707wm16z3z,9s1kh0fq15
610vq2sz01,zk55d8s172
2804u5558u,tt4fn14866
sq8qb9w356,k93125tr44
fj2988600g,nz80k27b34
dj58c9rz45,9s1kh0j669
h98z893669,2b8v982t7h
st7dr2sr6h,416su64u1m
vh5cc0vt98,p26pz55064
j96057h728,qv3bz62694
m32n58df7t,dj58c9vf80
8s4jm26p74,6t0gt5g53n
542j67d288,319s17tc9h
1c1td9r973,tm71v5cg2d
pv6b27qq02,wm13n2408s
k35m902u8r,rv0cv4g78u
fb4wh2f56h,n29p26tg3n
5t3fu74n1j,7w6736qb1h
222r49gw0j,445h992k0k
0c4sj1ds9b,ud0qr4pq44
nv9959d614,vm42r3sg9d
qv3bz64q5h,j38kd1rf03
m32n58gz2w,154dn40h4u
mw28912p1s,gb1ud0v612
bn9u061k3d,h41jh3dw95
6w9668ct2b,cc0tq5s46m
348gf0r21j,3u83j39r6p
057cr5p05s,zc7rn33r2s
m03us5nt15,vd6nz81p5q
g73708120p,bc3st7fm64
2z12n50783,bg2h70c884
td9n29q56q,6q1sf2qh3q
f47gq6rw0q,2z12n52r2v
z892808k58,5q4rj49g9g
u639z91d8m,th8bg2mt43
np1wd3qw28,pr7mp50222
8g8ff3mr1f,k06ww7b927
f76639ph9h,0z70v8b685
9g5gb21r5q,rf5k93245t
5q4rj4d04s,h12v40kr6z
222r49kc5p,qj77s7jr8b
u921c1z265,ks6j09u067
g15t72875d,sj19k49956
b853f4mg4b,ns0ks6nj5b
6h4cn6zq2v,j09w090s2w
d79571c07r,2r3nv99u8s
8g8ff3q76k,z02z31pm81
tb0up6w11s,4t6f18wm7f
js9h41kg75,125q817v6m
w950g3mj70,9882j68z3j
5h7br8n600,rj48p5zs6t
1r6n010d8s,ms3jw8b13g
sb3ws8jh2m,h12v40p79g
c824b31g8m,d21rf5m674
7m03u86v9b,0v89g5h221
3t9d50k38m,rb6vu07015
gt5fb4uf78,028pc2ub7g
7940r9mu2b,v97zk59198
zw18k7605b,qj77s7n84z
ks6j100h09,b27pn8z548
g15t72bq90,uw47p8vg6z
bc3st7j41f,jm23b5u59v
6m3319wc0h,959c53fs8j
2v2c827k9g,ww76t0hz6k
hm52f7kn9c,z31ng4m90z
tb0up6zh6p,862b85489n
vu05u26f4r,pk06w99r36
js9h41p02g,zp3vt1hp7r
kh0dv1dj5n,f47gq6vc37
9c6ru96m28,dr2p55f84c
1g0ht2gz6k,5m6251jv1f
vt1gh9c92r,1v5bc3u291
m901z42r82,u34mk68r7c
sb3ws8n054,q23qv3d105
nk3611074h,fj29883g4v
2b8v980b47,hu15m65m4u
d50ft8hv3s,st7dr2q82u
8w3804zb6p,8c9r20w322
4m91837b2h,542j679k5r
wm13n21h4z,0v89g5kj7u
w37kp7z787,n29p26qz9n
rf5k934m9d,7w6736mt7h
0c4sj1b934,mp4vh5gv7u
gu44q7v363,vm42r3q02w
m32n58df84,c53dz06b58
7d2q52jk47,6w9668998k
tm71v5cg3q,3n20c4wt07
k649p2u33s,zw18k78h0d
9p2w37mk0g,v69862fw02
qf8jd4t39z,251fj2b15q
kp7tm75b80,ud0qr4pq5f
df6k06ut1z,fu73t9hk87
4u54f1n87g,b56d21vt61
wh2d796b9v,6d5p84722c
2n4zg6k90w,h707w68233
3u83j39r70,z02z31s43b
t727944c2g,vh5cc0vv0r
kp7tm72v45,pg1hh6gm00
fu73t9f33b,jq0sq8tt9n
dz02z16284,b56d21sb0t
959c53j93v,6d5p844j8c
z02z31pm9b,5d8nc5wj2p
t727941v75,1r6n012u3v
jq0sq8rb3f,u05u63fm45
dz02z13k1c,s756d5sv2s
ng4gm8532c,959c53fs9v
5h7br8n619,hq3rv0hb00
1r6n010d93,862b856s4q
u05u63c393,4j09w0d55s
s756d5qb7q,0r9m32rd4q
mg7fq9tk1c,ng4gm82k6r
hq3rv0dt32,gq6qz25s7d
cz3222s212,7940r9qd7g
zs2k64fb71,8911n7zf4f
4j09w09p28,q814m94t4q
0r9m32nu0w,kh0dv1h19g
b27pn91n9c,w08w951m03
696zw1cw89,r785h7ct8j
mg7fq9r269,t14th8g241
gq6qz23944,jh3cz35j0g
930ns0q50j,c24qj78p51
599z032c9h,7940r9mu3n
ws8hd7s96s,3j3902051v
v11vd6q30p,s17sn04j3b
q814m9298b,hm52f7p53c
833mw2cn1c,kh0dv1dj6z
4b2u34qw0b,ft8df6ku7s
b27pn8z55k,vt1gh9fs6b
696zw19d3d,r49g44n57j
p843r0qs7f,gm81j9bn46
bv79s1pw4f,jm23b5u60b
dv1cj88d8w,3b5w66db89
930ns0mn6j,zk55d8s18c
kd1qf8nw6u,599z02zw5g
fn10p1145d,s46h12w65t
9w08w3cc47,hm52f7kp0v
639k35qk9s,833mw29469
gm81j98494,2b8v982t8t
up6tu38p18,736m03zm6r
su6445mu0b,q52f76753h
p55db80485,9w08w38v8m
jd4pk0bc73,639k35n36h
up6tu3658t,8w38051v1z
542j67d29k,su6445jd6k
wp9t14z528,jd4pk07w2z
ru93776w5s,n58cf9nn08
hd7np1uc2h,cn6uw4c33r
cn6uw48k9r,hh6c24v11g
sq8qb9w37t,cr5n87681t
vh5cc0zb5w,dj58c9rz6s
513tt4gf3q,qr4nk39k3m
m03us5nt2g,rv0cv4cr3s
u921c1z27g,cj87h1ff6n
416su64u2u,ns0ks6nj6n
j09w090s36,m32n58df9f
319s17td19,8k74t6jd1k
4t6f18wm92,fb4wh2f57t
125q817v7u,251fj2b161
w950g3mj89,ud0qr4pq6r
nv9959d62f,rj48p5zs74
ms3jw8b14s,8k74t6fw68
rn3028qf48,h12v40p818
cc0tq5s487,3t9d50k39u
7p8tb0zj0n,028pc2ub8s
v97zk5920r,vd6nz81p61
g44hm53d0d,qj77s7n858
2z12n5079d,ks6j100h2u
g44hm55w6m,pn8u922d65
f76639m14m,bc3st7j432
6m3319wc1t,np1wd3qw4w
2v2c827m0z,d795718h47
4q7qn6000q,z31ng4m918
0z70v8b69g,tb0up6zh89
jw86h4h479,w66930pw9g
ms3jw87j0z,9c6ru96m3k
h12v40kr8k,1v5bc3u30h
c824b2z06f,u34mk68r90
sb3ws8n07r,7h1dj59745
0000000p99,np1wd3tc8q
qj77s7js04,hu15m65m6j
d50ft8hv43,g15t72876q
6h4cn6zq35,8c9r20w33c
pk06w99r8r,z31ng4hs5n
js9h41kg8g,js9h41p06q
5h7br8n62m,f18sb4175s
5m6251jv60,1v5bc3tk56
u34mk6685d,1v5bc3u352
u34mk68s3d,nk3610wr1s
ht2g738002,sb3ws8n10v
nk3611078r,8911n7zf5r
ht2g73bg8w,w37kp7vr4d
d50ft8hv71,gt5fb4uf8k
3n20c4t96g,8c9r20w37m
862b854904,4m91837b72
0v89g5kk2n,vu05u26f6c
mg7fq9r27m,w37kp7z82n
q814m9299n,rb6vu09h0g
kh0dv1dj78,mk6542nr0v
gu44q7v40h,9z9086413z
c53dz06c00,2f7jq0tg9z
dr2p55f85p,7d2q52jk9s
ws8hd7pt38,3n20c4wt5s
zw18k78h4n,s17sn02202
v40js9mr26,vt1gh9c932
m901z42r9c,qb9v120020
kp7tm75c2d,br8mc8s74f
fu73t9hm3z,3b5w669v4g
tt4fn11s2c,b56d21vv1r
6d5p84727u,7659c6ss1r
2n4zg6k944,fj29883g6g
639k35n37t,uw47p8z046
uk84j0c15q,t43hu1974p
pg1hh6gm47,st7dr2q837
j96057dq9k,jq0sq8tv4c
dz02z1633v,1c1td9nt4k
959c53j98d,wm13n21h58
n29p26r01p,5d8nc5wj6u
cn6uw48m07,1n7uk87s4n
ww76t0mg7r,0c4sj1b94f
gf0ms3kv3c,s756d5sv61
6w9668999w,ng4gm8537u
zc7rn31781,hq3rv0hb5j
862b856s8z,tq5r786m9w
k649p2u35d,4f1mg7k171
9p2w37mk1s,0p0wp9u875
5u2599zs97,w08w954385
251fj2b17b,mg7fq9tk6u
gq6qz25t24,sq8qb9w384
bz6154j204,nz80k27b62
7659c6w89t,df6k06ut28
3f4kk97j0n,wh2d796c1n
rr1pg1jk8s,zs2k64fc1f
v11vd6sm1m,n00zp3wt6b
q814m94t98,h707w6824d
kh0dv1h246,cf9j38m921
416su64u37,fq9q23v92t
vh5cc0vv12,696zw1cu2q
2j6833r511,m03us5k98q
t14th8g302,pr7mp4wj8v
9k45q4sd6r,jh3cz35j4q
sj19k46t1c,930ns0q54s
1j9765dn5s,j09w08u87m
s17sn04j8w,125q815c3b
ms3jw87j18,n872v2gs6h
hh6c24v15q,kw57d2r53z
2v2c82535w,cv4bp01d6r
9882j68z55,vd6nz8459j,m03us5nt0v
bg2h70c87t,u05u63c40k,g737081196
0r9m32nu16,z60bv7ff1j
gt5fb4uf9w,k06ww7b91u
f76639ph86,zs2k64bv36
b27pn8z56w,rf5k934n0w
2j6833nn2g,3r0pr7qz68
g15t72br0g,t14th8ck1h
6h4cn7268h,jm23b5u62z
930ns0mn7v,f18sb4171j
9882j6cg1s,1j9765b455
1r6n012u45,5h7br8qp7h,ww76t0hz86
u34mk68r8p,hm52f7kp15
d21rf5pq3h,833mw2947m,4j09w0d563
w37kp7z79j,4b2u34nc6k,rb6vu09g7c
gt5fb50z5g,vu05u26f7p
c24qj7c61n,mc8rb6wu2j
736m03zm8c,3n20c4wt1j
v40js9mq93,zp3vt1hq0v
9w08w38w0d,qb9v11zz84
up6tu36594,b27pn91p0v
6d5p84723p,jd4pk07w38,t43hu1970f
dv1cj8bu2n,5717m04r15
ru93776w63,1n7uk87s1q
s46h12zq2h,vq2s46j49c
cz3222vj78,m61bk17m65
3775t3gq0u,4f1mg7k13s
pz51g0jv8u,vu05u28z2r
r49g44n58v,ug9f47hw1v
7659c6w85k,j96057dr02
dj58c9rz73,zp3vt1m64p
kh0dv1h20z,513tt4gf41
fq9q23v89q,n29p26r020
9z90866h7j,7s7hq3sp5g
2f7jq0u048,0c4sj1b95r
m32n58dg0u,up6tu38p2k
t14th8g25b,6t0gt5g56k
p843r0t92r,tm71v5cg5b
jh3cz35j1s,9k45q4sd72
901zc7w09p,ud0qr4pq72
ws8hd7s973,s17sn04j4n,db7vm43p1r
4u54f1n90k,n872v2gs3k
mw28912p3d,tm71v5fz79
pv6b27t64w,3u83j39r9m
bg2h708s5m,k35m905f32,ff3kw5bt53
k06ww77s7u,9p2w37q249
9g5gb1z83j,5u25b0293j,251fj2dj13
ud0qr4s68z,sf2m61cn80,sn00z74f73
j678s4p274,8g8ff3mr32,nz80k29t81
df6k071969,0z70v8b718
fn10p0un5m,8p5v69cj6f
9w08w38w3b,4u54f1qs45
154dn4310j,639k35n40u
wd3pv6fq08,uk84j0c19z
su6445jf00,n00zp40992,rr1pg1n305
p55db7wn9p,h707w6bj80,cf9j38ps7u
7p8tb12169,dn3zs2m44z
057cr5rh0v,3u83j3d810,8w3804zc1d
cz3222vj6z,vh5cc0zb38,1c1td9nt94
wp9t14vp1c,w08w95434u
n58cf9k49f,bz6154j16q,r785h7gb45
hd7np1uc72,3j39022n6r,v11vd6sk6w
7w6736mv27,fq9q23v88d,us5j963t8v
1j9765dm9r,445h99031j,dv1cj8bu1b
n872v2gs28,vq2s46j53s,cv4bp01d2h
m61bk17m93,0k2697336m
707wm14g57,736m04243w
dn3zs2pm5m,zg6g15vd5k,tu3513zf0t
pz51g0jw11,1g0ht2kg1w
ru93779d03,ff3kw58b7c
7w6736qb2t,hd7np20v8u,9s1kh0fq71
0g3gu47z2q,ug9f47hw53
sq8qb9w42j,vq2s46mn2t
j678s4kk8v,qz22b8zw1r
707wm16z48,513tt4gf88,bn9u061k4q
zg6g15uw39,183416tp61,tq5r78943w
rr1pg1jm1w,pz51g0nc1m
n00zp3wv0r,k649p30k7k
ff3kw5bt6d,h98z89372b
9s1kh0j67m,7s7hq3sp9q
610vq2wf6g,416su64u7g
2804u57p49,086348h545
vh5cc0vv40,183416u56m
wh2d798v57,qr4nk37338
m32n58dg3v,rr1pg1n31g
cj87h1hz0d,bk16m33z1u
6t0gt5g59h,7s7hq3w580
319s17td5j,416su67d8c
th8bg2jb4r,086348kn4h
6t0gt5jp1n,pv6b27qq5m
fb4wh2f62j,z892808k6k,tm71v5fz8m
222r49gw53,fb4wh2hp36
9k45q4vu24,u921c1vk6k,5t3fu77489
ud0qr4s698,nv9959d670
db7vm43p4p,nv9959gp61
4t6f18t48d,8k74t6jd08
125q815c7k,154dn4311v
wd3pv6fq1k,wd3pv6c70u
mw2891558j,rn3028su95,mw28912p7n
7m03u86w0t,h41jh3du56
7m03u84d0g,w66930sd3g
h12v40p80z,057cr5p10h
vd6nz81q1r,0000003639
qf8jd4t40f,b853f4pz97,kw57d2r576
bc3st7fn25,tb0up6zh70
2z12n5083t,js9h41p03s
z60bv7bz4w,sb3ws8n06f
0v89g5kj87,pn8u922f1w
jw86h4dn81,mk6542nq6f
7940r9qd8s,f47gq6rw6k
zw18k78h1q,5q4rj49h5h
1z41r6nr5r,d795718h8g,uw47p8z018,ft8df6pf3d
sf2m61cp13,jm23b60p5f,8g8ff3mr79
5d8nc5wj30,w66930pu3w
h12v40ks20,nc5s759u74
c824b2z115,0p0wp9u82m,862b856s51
639k35qm4h,ks6j09u128,dn3zs2pn0b
b853f4mh0c,542j67d330
wm13n2413h,6h4cn6zq8q
z02z31pn3r,hd7np20w3n
bn9u061k8z,pk06w97845
348gf0r27d,js9h41kh36
zg6g15uw7j,f18sb3ur1r
5h7br8n66v,pz51g0nc65
u05u63c44t,df6k071b11
sb3ws8jh75,qr4nk39k6j
6t0gt5jp66,d21rf5m735
k35m905f8m,4j09w09p6h
u921c1z30k,0r9m32nu5f
w37kp7vr8n,3r0pr7r02j,mw28915638
mk6542k75s,2r3nv9dg0f
3j3902057q,9882j6cg6b
zw18k76102,s756d5sv7b
c24qj7c666,qb9v11wg8s,nc5s759z2v
vu05u28z8m,kk94747q6m
ft8df6kz2h,bz6154j21f
b27pn8z609,vq2s46mn7c
610vq2wg16,2n4zg6gt1m
513tt4jz3b,jm23b5u65w
dv1cj88f3m,445h992k6f
m32n58gz8r,5d8nc5t23n
s46h12w71v,6w9668ct86
hm52f7kp5d,tm71v5g04w
pv6b27t70u,862b85495p
mc8rb6wu6s,k35m905f9u
bz6154fj8r,ud0qr4s740
j678s4p335,tu3513vz07
154dn4316d,kh0dv1dk1p,n00zp40b53
fq9q23rt0m,cf9j38pt3z
2f7jq0th3c,057cr5rh5d,vd6nz8466w
m03us5nt71,dr2p55f90d
901zc7sh8s,pr7mp5028u
f76639pj5j,1g0ht2h01j
wp9t14vp2p,0v89g5kk3z
n872v2d937,v40js9mr4t
cr5n873s0u,uw47p8z06t
804ug9g077,s756d5sv8n
0g3gu45g3p,4f1mg7k19n
r785h7gc06,r20rr1qj68
gh9b56f12z,u05u63fn06,1r6n012u9q
sb3ws8n12g,br8mc8s78p
nk3611081v,707wm14g6j
ht2g73bh0p,610vq2sz76
d21rf5pq9c,uk84j0c20f
p26pz52h6j,8911n81z6w
4j09w0d61t,8w3804zc2q
1c1td9nv0m,0r9m32rf0r
rb6vu09h3d,rv0cv4cr9n,w37kp7z848
h98z89373n,gt5fb5101r
7940r9qf3h,7w6736mv3j
ft8df6pf98,qv3bz6276g,qb9v12004m
696zw1cu5n,m32n58dg45
gf0ms3kv7m,2n4zg6k96r
uw47p8z074,bn9u05z36s
t43hu19769,348gf0nk3k
zc7rn3182f,pc2t43ng58
930ns0q57q,jm23b60q1g,pv6b27qq6u
k649p2u39n,ww76t0mg9c
9p2w37mk6b,nc5s759z35
251fj2b21r,cz3222vk39
sn00z71z94,707wm1700j,vu05u28z9u
fj2988607n,j678s4kk95,tt4fn1493j
df6k06ut7t,9s1kh0j74z
dj58c9vg6n,4u54f1n93h
wm13n24154,8s4jm26q5s,wd3pv6c717,542j67d35m
n29p26th00,h707w6829z
h98z895q8j,cf9j38m97k,445h992k82
7p8tb0zj56,vm42r3sh72,qv3bz64r35
3u83j39s2q,bn9u061m12
vh5cc0vv59,6w9668cv00
k649p30m4u,qr4nk3734k,zc7rn33s0f
g73707uk16,5u25b02b0w
251fj2dj88,bg2h708s8j
6q1sf2n150,df6k071b3n,8p5v69ck3s
z892806367,wd3pv6fq7f
pr7mp50297,th8bg2jb52
pr7mp4wk3k,f76639pj6v
u921c1z33h,f76639m195
9g5gb1z87s,d79571c15d
5q4rj49h6t,125q817w3z,4j09w0d624
ng4gm8539j,222r49gw6d
ms3jw8b20t,u921c1vk7w
sj19k46t6u,qj77s7n919,7m03u86w6p
g44hm55u2n,ns0ks6k24p
z31ng4m98f,2v2c827m74,j09w08u911
pk06w99s1v,8g8ff3mr8m
4t6f18t49q,f47gq6vd1w,u34mk68s51
125q815c8w,hu15m65n2k
4m91837b9p,w950g3j298
w37kp7z85k,ms3jw87j5h,gu44q7v43f
3n20c4wt7d,b56d21vv3c,h12v40ks39
jq0sq8tv60,7m03u84d1s
5d8nc5wj9v,u05u63fn1h,028pc2tv9h
v97zk56j9p,mg7fq9tk8j
qj77s7js5p,3j39022p33
ks6j09u13k,kh0dv1h274
696zw1cu6z,g44hm53d5z
bc3st7fn3g,p843r0t99u
833mw2cn8j,nc5s759z4g,2v2c82541u
mc8rb70f3u,z31ng4ht1p
tu3513zf89,736m042507,tb0up6w17n
9w08w3cd1k,pk06w9785g,kd1qf8nu38
jw86h4dn9b,su6445mu7h,up6tu38p8f
p55db8055h,f47gq6rw7w
jd4pk0bd4f,9c6ru9445v
5m6251gc3q,8w38051v84
1v5bc3tm0u,1g0ht2kg82
u34mk6689n,cz3222vk4m
0r9m32rf12,sb3ws8jh8g
d50ft8fc52,gq6qz25t52,v11vd6sm37
us5j963v6h,8c9r20sm43
930ns0q581,0v89g5h28w
w37kp7vr9z,s17sn04k10
vt1gh9ft3p,mp4vh5dc96
gu44q7rm7t,gm81j9bp1j,3b5w66dc5n
q52f769p5r,639k35qm64,7d2q52g33k
zw18k7611c,2b8v982v27,9w08w3cc9s
uk84j0fj2d,v69862cd3n
st7dr2ss17,kp7tm72w06
fu73t9f396,p55db8052k
b56d21sb6p,jd4pk0bd2t
2n4zg6gt2u,8w38051v6h
1c1td9rb1h,z02z31pn42
n58cf9nn5t,ru93779d4b,pg1hh6d41z
cn6uw4c389,jq0sq8rb99
445h992k54,0c4sj1dt5c,dz02z13k77
959c53ft5w,qz22b8zw69,5t3fu77531
4t6f18wn25,7m03u86w42,5d8nc5t24z
u05u63c454,c824b31h3b
s756d5qc3r,qb9v120039
su6445mu4k,ng4gm82m2s,804ug9jh29
cz3222s27u,j96057h784,tt4fn1491u
kp7tm75c41,0c4sj1dt6p,862b854960
5d8nc5wj77,0r9m32nu6r,7659c6w91m
kh0dv1h25h,w08w951m6z
r785h7cv4k,p55db80546
gq6qz23b05,8w38051v7t
1c1td9rb34,c24qj78q12
3j39020581,hd7np20w4z,ru93779d6z
0g3gu47z78,zs2k64bv92,7w6736qb8p
q814m92b4c,gf0ms3pc1m,vq2s46mn8p
zg6g15uw95,ff3kw5bv2f,696zw19f0r
2804u57q1n,2j6833nn8b
rr1pg1n37b,8s4jm26q4g,us5j961b8h
7s7hq3w641,m32n58gz92,t14th8ck5r
k35m905g0d,319s17wu3j,p843r0qt3g
jm23b5u666,u921c1z326
wd3pv6fq64,dv1cj88f4u,g44hm55u1b
930ns0mp2k,mk6542nr2g
c24qj7c67h,599z02zu1h,3j39022p2s
kk9474b74v,1j9765b49d,v40js9mr54
5d8nc5wj8j,ws8hd7pt7h,b27pn91p6q
s46h12zq8c,s17sn0225m
0p0wp9u89s,nc5s757f83,bz6154j232
tu3513zf70,hm52f7kp6q
cv4bn9uu47,kh0dv1h26t
jh3cz35j7n,833mw2952b,6688g8js3r,su6445mu66
1g0ht2kg7r,4b2u34nd00,5717m0782b
0k26970m7b,s17sn04k0p,wp9t14z584
vt1gh9c98m,cr5n87687p,4746q1wq9j
k93125ts1g,610vq2wg3t
1c1td9rb4f,rv0cv4g858,j96057h79f
m32n58h00s,0c4sj1dt70,cn6uw4c403
tm71v5g056,348gf0r291,ff3kw5bv3r
j678s4p35s,ud0qr4s759
154dn4317q,rr1pg1n38n,g73708127v
bg2h70c95g,6q1sf2qj02
z892808m2m,9g5gb21s22
h12v40p874,4t6f18wn4s,ns0ks6nk2p
028pc2uc4t,ks6j100h8s,6m3319wc80
jw86h4h53b,np1wd3td4r,5m6251jv9u
4q7qn5zt5f,nc5s75775h
222r49h547,4746q1tg0b
0g3gu45p8w,ns0ks6kb1z
j09w08uj84,vq2s46jc80
8k74t6g58b,qz22b8wm6m
m61bk17v5s,125q815n55
gh9b56f775,rj48p5wk42
ms3jw87t1g,br8mc8sg4c
707wm14q1u,7m03u84n8w
6m3319t48k,k93125rg90
z31ng4j27q,h98z893f8v
9c6ru94d1t,bk16m3456c
sb3ws8js4f,251fj2b878
np1wd3r55n,nv9959df2c
154dn40r6g,d50ft8fn11
3u83j3b09s,4m9183538z
0v89g5hb55,bg2h70914g
tt4fn12262,rf5k932d7n
mp4vh5dn55,1z41r6nz9n
c824b2z76c,c53dz0441w
qj77s7k11m,3n20c4tk70
zw18k7688g,1v5bc3tt6f
nk3610u01z,qf8jd4qw88
kp7tm73467,7d2q52g993
b56d21sm2n,kk94747z29
z02z31pu1b,2n4zg6h17c
pg1hh6dc82,959c53g20h
jq0sq8rm6k,0p0wp9v08s
dz02z13v4h,ws8hd7q24r
s756d5qn01,cr5n874070
r20rr1qs1n,hq3rv0f36f
2b8v980k5g,8911n7zq68
jd4pk0843f,0r9m32p62z
rv0cv4d05k,w08w951w2u
hd7np1um42,mg7fq9rb9f
445h99096r,c24qj78z85
q814m92m0b,9p2w37mt1q
nz80k27k60,ft8df6m70b
b27pn8zf8q,513tt4gp4z
2j6833nu49,rr1pg1jt8q
us5j961m5s,th8bg2jk0f
9k45q4sn89,p843r0r29h
599z030582,ns0ks6k91p
mw28912u4n,ws8hd7q341
7m03u84m60,nc5s757q42
2v2c825b7f,cv4bn9z60f
zk55d8pt6c,f47gq6s42h
1z41r6p00c,kd1qf8kp45
fn10p0uu36,hu15m63c2w
0z70v8bg2h,639k35nc8b
mp4vh5dm4k,up6tu36g0t
7h1dj59g5d,su6445jp9q
0000000z0q,jd4pk0855b
kp7tm7335n,dn3zs2md2j
8w3804zn09,b853f4mq6w
9882j6966n,1g0ht2h79z
wp9t14vz08,s756d5qk8z
ru93777585,8911n7zp60
hd7np1un5n,2j6833nw3q
us5j961k5h,804ug9g84h
4746q1th27,jm23b5uf36
qz22b8wn8h,599z03048s
707wm14r44,833mw29c95
zp3vt1j13h,vu05u26p97
w37kp7w05w,fq9q23s40b
mk6542kg2s,9z90864b80
2f7jq0tt45,ng4gm82t9m
su6445jr1s,hq3rv0f265
jh3cz33c1u,4f1mg7gs06
dr2p55fm0w,w08w951v2n
mg7fq9rb0n,901zc7st88
1g0ht2h911,q814m92k1c
930ns0mw9d,wp9t14w02d
s17sn02c4s,1j9765bc7q
ws8hd7q252,n872v2dm3q
n872v2dj07,hh6c24rv1c
cr5n87430n,hh6c24rr91
804ug9g96d,cv4bn9z505
0g3gu45s2v,4b2u34nm84
vt1gh9cm7s,r20rr1qs2z
r20rr1qv6r,736m03zv9m
tt4fn1213v,m901z4334t
639k35nb82,gh9b56fb2f
jd4pk08452,707wm14s5q
u639z93w3d,pg1hh6cz01
sf2m61g41d,dz02z13d7v
959c53fn46,ns0ks6nh3f
j09w090r19,ww76t0ht27
fq9q23rm8f,s46h12zp1u
4f1mg7k01w,9z90863v7k
p843r0qn2s,vu05u28u15
0k26970f6n,3f4kk97g31
gm81j9804g,v11vd6sj59
q814m94s4f,bv79s1m74q
st7dr2q373,fq9q23v77t
542j679d9m,9z90866g5n
p843r0t80v,n58cf9jz9t
445h98zu1q,jh3cz35g8d
qz22b8w711,dr2p55hq7c
1j9765dk85,m61bk17f9q
ws8hd7s86h,6w9668953u
pz51g0jq1n,736m042310
610vq2ss6h,445h992h9t
ug9f47hq61,ns0ks6nh4r
bv79s1m812,j678s4kd75
3b5w669q5p,8p5v698w55
183416th5b,q23qv3cw3r
639k35mz7g,rr1pg1jf1h
us5j961b01,hq3rv0dk5r
dv1cj88d68,0p0wp9th7c
154dn40887,8c9r20sg12
4m91834p9q,rn3028q66z
mw28912f4s,0v89g5gu6u
h41jh3dp3n,736m03zh5m
cf9j38m24q,w37kp7vm6u
tt4fn11n9f,7p8tb0z93n
hd7np1u82p,sb3ws8j966
tq5r786h8r,0v89g5gv80
fq9q23rn4g,wm13n2225u
2j6833nh3p,rv0cv4d94r
jh3cz32w6c,h98z893r8b
dr2p55f45k,cj87h1g069
7s7hq3t74t,901zc7sc4f
416su65g46,599z02zr6p
0c4sj1bv55,1j9765b052
s17sn01u0q,vm42r3qj57
qv3bz62s2n,n872v2d48d
tm71v5d14p,hh6c24rc62
cr5n873m53,fb4wh2fq8j
j38kd1s012,833mw29066
8p5v699m1z,0k26970g2p
vt1gh9c52n,4u54f1nt9h
r20rr1qd09,wd3pv6cr6u
mw28913732,m901z42m8z
bv79s1m798,z60bv7cg9t
ms3jw8830m,736m03zg88
zk55d8pd4f,3r0pr7p13n
tt4fn11n28,ks6j09uj88
q23qv3cw14,5m6251gw8d
sb3ws8k23k,k93125r40f
639k35mz65,0v89g5hm42
7d2q52gn02,2b8v980644
v40js9js4m,uk84j0bw42
uw47p8w17u,st7dr2q434
zk55d8q346,p26pz52c26
jd4pk07r2v,q23qv3dk1w
9w08w39f02,dn3zs2m00m
2b8v980w4n,8w3804z67w
348gf0p39t,542j679f5n
wm13n21c55,pz51g0kd8k
ff3kw58w3j,rv0cv4cm40
ug9f47jf2t,n58cf9k053
cn6uw48g1f,nz80k27w6g
j678s4m448,7w6736mp91
445h98zu7k,513tt4h04p
0c4sj1b56z,wh2d796u12
vq2s46j08z,rr1pg1k48f
qz22b8w77w,n00zp3uc60
h707w68m4t,m61bk17g62
7s7hq3t754,gf0ms3kq38
bn9u05uz1w,k06ww78b8w
6w9668959s,fb4wh2fq9v
ns0ks6km0v,zg6g15v79f
tq5r786g9s,4t6f18tp5w
rj48p5wv3z,pz51g0jq7h
k649p2wz4r,cc0tq5sp9z
ff3kw5862q,028pc2vd4m
wh2d79671j,d79571920n
n00zp3wp67,4t6f18tp1n
h707w67u42,w950g3jm16
rj48p5wt9j,7s7hq3sj42
416su64s34,h12v40m93p
c824b2zj2m,086348h10t
3t9d50h51h,vh5cc0vq0n
qr4nk36u86,z31ng4jb2c
g73707ud6c,tb0up6wj83
bk16m33s7d,9c6ru94n69
5m6251gw5g,z892805z2n
9k45q4s87z,sb3ws8k20n
d50ft8fw7t,222r49gr22
sj19k46p2k,8c9r20t463
ns0ks6ju1d,0v89g5hm0t
959c53gb6k,db7vm43j0b
4t6f18t042,u05u63cn7w
125q81572u,ng4gm8344s
rj48p5w524,hq3rv0fc13
cz3222sk8c,h41jh3ds25
cc0tq5s09f,4j09w0b69t
7m03u8476z,r785h7dc7w
bz6154g30u,028pc2tq4v
3j39020p9g,vd6nz81j77
kw57d2r15g,q814m92v5t
g44hm5382u,fq9q23sb2m
6m3319sq7q,b27pn8zq22
1j9765bp1b,z60bv7bs92
s17sn02k7c,td9n29q187
nc5s757z9j,jw86h4dh4p
hm52f7m67d,f47gq6rr1u
cv4bn9zf67,5m6251g68w
1z41r6nm03,833mw29p5d
np1wd3qr4s,4b2u34nu32
jq0sq8rw45,hu15m6301j
dz02z1443n,8c9r20sf98
9882j69h5t,4q7qn5zv2s
w66930ps0v,5h7br8nr21
1r6n010z9h,rf5k93207b
mp4vh5d74j,u05u63cn9h
s756d5qw74,c53dz03q1b
3r0pr7nb3w,ng4gm8346d
hq3rv0fc41,kp7tm72q42
8911n8005m,6h4cn6zk4c
4j09w0b72u,2r3nv99t1s
0r9m32pg0j,t727941q8c
pg1hh6cz6w,w08w95250r
r785h7dc9h,jq0sq8r65z
mg7fq9rm71,f18sb3uk77
9882j68t6c,gt5fb4z09j
c24qj79760,7940r9ms4v
3j39020122,7940r9ng39
3j39020q18,v40js9j35d
qb9v11wb5r,zs2k64cd2j
ft8df6kt0s,v11vd6qn1d
q814m92v92,b27pn8z173
2j6833nh40,kk9474881q
b27pn8zq50,jm23b5u22v
696zw19z3t,dv1cj88893
599z02zr70,2j6833p61t
t14th8d40v,s46h12w27b
pc2t43kh4r,nc5s75793f
hm52f7kj0r,jm23b5ur12
cv4bn9ur83,dv1cj88z89
930ns0n666,833mw2907h
599z030f5b,4f1mg7gd05
1j9765bp48,0p0wp9tm9t
ww76t0jh7j,vu05u2698w
r49g44jj57,s46h12wr6j
nc5s758036,mc8rb6ws2f
hm52f7m70h,gm81j9810h
cv4bn9zf8v,bv79s1m80r
7659c6sn2z,833mw29p71
4b2u34nu60,3f4kk94w29
tu3513vs71,vu05u2707b
r49g44k74p,q52f76714q
kd1qf8k827,mc8rb6ug1w
9z90863w3m,gm81j98p9j
2f7jq0tb9v,bv79s1mu8g
up6tu3618q,736m04057u
3f4kk95k0f,p55db7wh41
9w08w39d9k,dr2p55f46w
zp3vt1j791,901zc7sc5r
1g0ht2gt83,tu3513wg6g
wp9t14vh85,q52f767q3u
ru93776r60,kd1qf8kz1f
2f7jq0v203,4746q1t309
up6tu36q87,vq2s46j098
su6445jz60,m901z42m98
p55db7u64s,br8mc8s34b
jd4pk08f2m,707wm14b1w
zg6g15v80u,dn3zs2mp04
q23qv3cw2f,901zc7t23w
5717m0590h,k93125r41r
1g0ht2hh7j,fj29883b80
9s1kh0fk59,wp9t14w67m
2804u55227,ru93777f5f
n58cf9kp49,st7dr2q44f
1n7uk8546j,ug9f47jf1h
ww76t0ht83,sq8qb9wn9v
ng4gm82f88,j96057f897
3j39020u3j,fu73t9g11d,v11vd6qv2c
b56d21t78q,b27pn8zu78,ft8df6mq06
2n4zg6hq4z,2j6833pd33,696zw1b55b
jh3cz33z4j,us5j96234k,t14th8db1t
pc2t43kq61,dv1cj89b5n
dv1cj89600,930ns0nk4m,599z030n7m
599z030t3r,s46h12wz7h
1j9765c22u,hm52f7mf1g
ws8hd7qq9j,833mw29w80
s17sn02z7d,4b2u34p476
vu05u27689,n872v2f66k
mc8rb6up2v,hm52f7mk7f
cv4bn9zt68,gm81j98u0p
bv79s1n505,833mw2b25p
4b2u34p93b,q52f767u6h
kd1qf8m548,0k26971h9c
vt1gh9d70t,fn10p0zd39
r49g44km1s,9w08w39n2b
6688g8h13f,mc8rb6ut94
gm81j9928h,2f7jq0v812
su6445k58h,up6tu36z0p,bv79s1n98r
736m040j6n,p55db7ud62,jd4pk08n56
dn3zs2mw3q,3b5w66bs17
zk55d8qg2m,5717m05h2s
tu3513wv3k,4746q1v02b
q52f76831k,vq2s46ju0u
kd1qf8mb0d,m61bk18c83
fn10p0zj98,707wm1573u
zg6g15w51n,9w08w39s70
tq5r787d0p,2b8v981829
su6445kb4n,pz51g0km87
k93125s115,p55db7uk26
jd4pk08t1b,fj2988478d
542j67bh3t,9s1kh0gg5q
2804u55z13,1g0ht2hw5z
4746q1v470,ug9f47jn2g
vq2s46k264,sq8qb9ww00
m61bk18j3u,p26pz53847
gf0ms3mr9n,j96057fh1p
bn9u060081,dj58c9sq8q
707wm15c8k,8s4jm24z6j
3775t3hm7h,513tt4h65n
uw47p8vk3v,ft8df6m20z
959c53fw6r,uw47p8vk8d
nc5s757h9z,pc2t43k25g
930ns0mr80,4f1mg7gm6p
5d8nc5t492,gq6qz23d11
3f4kk9537r,s46h12w978
tu3513w13z,nc5s757j3c
kh0dv1dn3v,862b854d2k
0p0wp9tv9r,804ug9g283
mc8rb6u12m,542j679p3z
j678s4kp1h,bz6154fn4b
319s17tg81,3f4kk9542g
tu3513w176,5m6251gf4k
kk94747s93,q52f76784n
6688g8gc3z,hd7np1ug11
up6tu3689z,9k45q4sh3n
2z12n50b69,p55db7wr6k
dr2p55fc74,b853f4mk3v
1g0ht2h288,5d8nc5t464
fq9q23rw2s,n872v2dc9n
vh5cc0vu8s,cr5n873v7n
4746q1tb07,5t3fu74r2p
r20rr1qn2v,jw86h4dr20
707wm14k24,fu73t9f61j
tt4fn11w4t,0r9m32p085
ww76t0j26n,uk84j0c46v
j96057dv0w,z60bv7c17m
1v5bc3tp4q,8s4jm24969
3n20c4td50,wm13n21m7q
n29p26r31h,zw18k76355
7w6736mz0f,kk94747t26
vm42r3q36z,pc2t43k23v
dz02z13p2h,m32n58dk0r
bn9u05z62c,s756d5qf7j
tm71v5ck55,cz3222s526
k35m90321u,mg7fq9r57f
v11vd6q61t,9p2w37mp2u
ud0qr4pt6k,fq9q23rw33
6688g8gc1b,j678s4kp5r
us5j961f3s,8p5v699530
ws8hd7pu2s,4u54f1nd0d
wd3pv6c97n,m901z42v8w
h707w6856v,736m03zq7w
q23qv3d419,cf9j38md4g
9w08w38z9r,3u83j39v9f
057cr5p38j,st7dr2qc2r
qr4nk3759p,jd4pk08021
g73707un7m,1c1td9nu33
6q1sf2n41k,ru9377705v
z60bv7c211,445h99056n
9g5gb1zc4p,5u2599zw8r
ug9f47j01u,u921c1vp4s
ns0ks6k52w,8p5v69951c
8g8ff3mv5h,wh2d796g05
n00zp3wu5v,w950g3j565
7m03u84g8h,416su65120
g73707un50,028pc2tz6d
319s17th14,g15t728b85
6m3319sz98,fb4wh2f87n
5t3fu74r30,js9h41km03
5m6251gf94,j38kd1rj0u
d50ft8fg2z,h41jh3f12b
rb6vu0734u,bc3st7fq8k
c53dz03z2k,5m6251gf7h
u639z91j1j,7d2q52g60g
qf8jd4qq7k,rf5k93276z
mp4vh5dg35,6d5p844n9h
7h1dj59b3p,uw47p8vk9q
0000000s8t,dz02z13p44
u05u63c721,6h4cn6zt49
t727941z70,hq3rv0du74
862b854d3w,9882j69257
bz6154fn5n,1r6n010h9u
833mw29792,s756d5qf8v
ng4gm82p86,0k26970q47
mc8rb6u13u,d21rf5m988
8911n7zj48,bv79s1mh10
tt4fn11w54,4j09w09s1s
0r9m32p09g,fn10p0ur3t
w08w951q0u,2b8v980f6p
r785h7cu9p,p55db7wr7w
mk6542kb02,dn3zs2m725
gt5fb4uj9q,8w3804zf9f
c24qj78s65,ru93777093
7940r9n13q,cn6uw48q2p
qz22b8wg9f,3j3902081p
3775t3gt2c,v40js9jb41
wp9t14vm52,901zc7sg2n
n58cf9k34m,kd1qf8kh7q
p55db7ws00,br8mc8s63v
ww76t0hz11,5m6251gq81
ht2g738c1d,8p5v69955m
d21rf5mm08,862b854843
ug9f47j055,fq9q23sk9q
183416tt4h,6w96689v3f
ws8hd7pm57,vh5cc0vv9j
u921c1vj7m,sj19k46s7z
cc0tq5ru3s,mw28912f81
c24qj78k4w,9g5gb1z41t
g15t728p50,wd3pv6fr0j,gh9b56ff6h
rn3028sz84,2r3nv9bc8m,br8mc8sp2d
mw2891567h,707wm14w9s,f18sb3z56v
h41jh3hf7p,3775t3h48z,9882j69d50
1r6n010w05,zk55d8q02r,cf9j38pt76
7p8tb1227w,sb3ws8jz26,tt4fn1271w
nk3610u61m,3u83j3d92k,q23qv3dg0r
057cr5rj04,k93125rp8b,ht2g738f0n
fj29883u4f,vd6nz84709,8911n7zw41
0v89g5hh2m,9s1kh0g510,qn5z60gg10
610vq2td0v,w37kp7w63u,kw57d2tq0u
2b8v980s3h,rb6vu07f22,g73708130z
7940r9nc3g,uk84j0cg40,bg2h70c99q
3n20c4tr62,st7dr2qq2h,6q1sf2qj49
v40js9jp53,2z12n52s24,p26pz52z08
z60bv7fg24,qb9v11wu44,j96057f57s
kk94748526,td9n29sq2c,dj58c9sd40
b27pn8zm6g,pn8u924z2t,8s4jm24n34
6d5p845086,k06ww7bb2h,542j67b148
t43hu17568,f76639pk08,1c1td9p833
rv0cv4d629,9g5gb21s69,jm23b5un0u
dv1cj88v8g,5q4rj4d142,n29p26rd85
1z41r6r830,h98z893n5k,959c53g79p
1n7uk85q67,cj87h1fw4m,u639z93z5k
7w6736n861,ww76t0jd7q,sj19k49b5g
nc5s757w1h,445h990h53,ns0ks6nk6u
j09w090t4s,cz3222sh2z,vm42r3qf3s
4f1mg7gz9c,d79571c19n,m32n58dw7d
8g8ff3q875,gb1ud0s46k,vu05u26w78
4q7qn62h5w,mc8rb6uc12,bn9u05zh91
6w96689r85,gq6qz23r4q,h98z895r1n
348gf0p07c,cj87h1hz96,bz6154g031
zc7rn31p60,3f4kk95g0m,7s7hq3w67z
416su67f8n,zp3vt1j48w,tm71v5cu20
pv6b27r50w,0c4sj1dv03,q52f767m4d
9p2w37n09t,vm42r3sj1g,6688g8gq13
ff3kw58s0s,9z90864g27,qv3bz64r7d
5u25b00782,up6tu36m73,m32n58h03q
p843r0r778,5u25b02b3t,251fj2bg59
dr2p55fq58,gb1ud0v71b,ud0qr4q53n
sn00z72d2s,901zc7sz3t,bk16m36g0g
6t0gt5jq1u,5717m05596,nv9959dn1q
ws8hd7q82s,df6k06z81s,348gf0r324
zc7rn33s4p,s17sn02h0n,8p5v699h0t
tm71v5g09f,4u54f1nq72,n872v2dq9d
pv6b27t75g,hh6c24rz72,wd3pv6cn5s
cr5n87466b,k35m905g3b,n00zp3u85v
h707w68h40,fb4wh2hq25,804ug9gf28
4746q1tp00,9k45q4vz2d,cf9j38mr3u
251fj2dk2p,7p8tb10010,vt1gh9cr2b
3u83j3b67t,ud0qr4s79j,r20rr1r01j
sn00z74g7c,057cr5pf6p,m901z43696
vh5cc0w88s,gh9b56ff7t,nv9959gq50
qr4nk37h7t,br8mc8sp3q,j38kd1tz4z
707wm14u1k,g73707z050,db7vm4665v
zk55d8q04c,8p5v69ck6q,bg2h70972h
6q1sf2nf9j,4u54f1qt5r,tt4fn12726
q23qv3dg12,154dn43214,2z12n50p8p
hd7np20w9h,z892806j0z
k93125rp9n,cr5n87690s,th8bg2jr9m
804ug9jh7v,fj29883u5r,pr7mp4u07c
5q4rj49u92,4746q1wr3z,9s1kh0g53m
0g3gu4801u,639k35nj63,u921c1w125
vq2s46mp1s,uk84j0cg59,sj19k47816
st7dr2qq3t,ns0ks6kg9j,qz22b8zu11
p26pz52z1k,j09w08uq6w,m61bk1b51r
gh9b56hj2k,j96057f583,d795718z3h
8g8ff3n62k,br8mc8vr89,dj58c9sd6m
8w3804zs7k,707wm1704s,4t6f18tk3f
125q815t2m,3775t3k72d,542j67b16w
zg6g15uu28,rj48p5wr1h
tq5r789535,ms3jw87z8r
pz51g0nd26,1c1td9p84d,7m03u84t41
rv0cv4d63m,3t9d50h239,k93125ts4d
n29p26rd9g,fj2988612c,028pc2v925
h98z893n76,v97zk5702b,9s1kh0j786
cn6uw4919k,610vq2wg6r,qj77s7k685
2804u57q4k,445h990h6d,ks6j09uf5h
g15t728p4p,ug9f47md7k,0c4sj1br5b
vm42r3qf43,bc3st7g278,st7dr2ss6s
p26pz5517q,6m3319t96b,qv3bz62p1h
j96057h845,m32n58dw91,2v2c825j5g
z31ng4j75g,dj58c9vh02,gf0ms3m92w
tb0up6wg1c,8s4jm26q8q,bn9u05zj1t
pk06w97p8q,6w96689r9g,513tt4jz7k
js9h41ku7r,348gf0p08p,183416u676
f47gq6s992,zc7rn31p79,wm13n24182
tm71v5cu4m,rv0cv4g89h,9c6ru94j83
n29p26th5j,5m6251gs6z,pv6b27r52h
k649p2uj3c,cv4bp01f1g,1v5bc3v13d
ff3kw58s2d,833mw2cp0b,u34mk66q22
4b2u34qu0m,fu73t9fj3u,9p2w37n109
0p0wp9u92w,5u25b0079c,b56d21ss0d
6d5p84507w,251fj2bg6m,r49g44n684
ud0qr4q558,2n4zg6h76q,vu05u2903k
mc8rb70f5j,sn00z72d4d,z02z31q27j
gm81j9bp35,pg1hh6dj5h,nz80k27s5b
154dn40z64,bv79s1pu3d,jq0sq8rs4b
wh2d796t0u,736m042535,dz02z1412h
959c53g78c,3f4kk97j56,rr1pg1k18m
5d8nc5tg76,n00zp3u87g,zp3vt1m758
1r6n010v9p,tu3513zg1d,h707w68h59
cf9j38mr47,q52f769p7c,s756d5qs8m
3u83j3b69f,ng4gm8317w,kd1qf8nu5w
hq3rv0f846,086348hk91,fn10p1154c
862b854r0q,9w08w3cd4h,vh5cc0w90k
qr4nk37h9f,6688g8js6p
m03us5kr89,2f7jq0u14j,4j09w0b41s
w08w95220u,up6tu38q1j,g73707z069
6q1sf2ng1b,kh0dv1f045,su6445mu94
fq9q23s733,319s17tv1w,p55db80574
b27pn8zm55,jd4pk0bd62,z892806j2k
dn3zs2pn5w,th8bg2js03,696zw19v49
901zc7w18n,pr7mp4u08p,2j6833p329
5717m0786k,k06ww7877r,t14th8d09j
f76639mg46,1g0ht2kh15,dv1cj88v75
wp9t14z617,1j9765bk34,5t3fu75349
222r49hb39,ws8hd7q81g,ru93779d9w
n872v2dq83,u921c1w13g,n58cf9nn92
mg7fq9tm2z,hm52f7m38w
833mw29k6w,gt5fb5104p
c24qj7c71u,0k26971200,ns0ks6kh01
vt1gh9cr11,7940r9qf7r,j09w08uq76
mc8rb6uc0r,d795718z54,3j39022p5q
4t6f18tk52,zs2k64fc60,gm81j98k9q
bv79s1mt8n,125q815t3u,v11vd6sm65
736m04026s,qb9v12007j,w950g3jh49
kk9474b783,3b5w66b92p,rj48p5wr2t
h12v40m673,ft8df6pg40,zk55d8q032
tu3513wc5b,b27pn91q04,cc0tq5sk8t
2j6833r56k,3t9d50h24m,q52f767m33
fn10p0z316,028pc2v93g,us5j963v9f
qj77s7k69g,9w08w3999r,t43hu19797
bc3st7g29w,pc2t43ng9h,639k35nj5s
2b8v980s4t,jm23b60q61,6m3319t97n
dv1cj8bz2u,up6tu36m6s,z31ng4j76s
930ns0q60t,pk06w97q0h,su6445jv5v
jd4pk08b2s,jw86h4f339,599z032d9s
s46h12zr2s,dn3zs2mj9t,9c6ru94j9d
5m6251gs78,nc5s759z7d,542j67b15k
hm52f7p63n,u34mk66q4p,1g0ht2hd6d
hu15m63k17,ru93777b5m,hq3rv0hc1k
8911n8200j,n58cf9kk4g,8c9r20t18w
4m9183586q,hd7np1ut23
cn6uw49188,0v89g5hh3u
w37kp7w647,4746q1tn9h
0g3gu45w8j,rf5k932k6q
mp4vh5dt47,qz22b8wt68
gu44q7s223,m61bk1824c
gf0ms3m91k,c53dz04918
3n20c4tr7c,bn9u05zj0h
707wm14u08,v69862ct8h
3775t3h498,kp7tm73959
6d5p84509h,tq5r78728d
t727942989,pz51g0k95t
k649p2uj22,pg1hh6dj6t
dz02z1413t,ff3kw58s13
8911n7zw5b,610vq2td15
2804u55m9t,4j09w0b43d
0r9m32pc11,ug9f47jb0c
j678s4m134,w08w952217
dj58c9sd59,r785h7d905
513tt4gw39,mg7fq9rh76
gq6qz23r51,183416v419
wh2d796s9f,c24qj79465
7940r9nc4s,rr1pg1k179
3j39020m2r,n00zp3u865
zs2k64c931,h98z893n6w
v11vd6qj1k,cj87h1fw5u
q814m92r8u,416su65c2r
kh0dv1f06s,086348hk8q
vh5cc0w893,ft8df6mc97
qr4nk37h84,b27pn8zm7s
4t6f18tm41,8k74t6gc6c
9k45q4sw9j,b27pn8zn6r
ww76t0jf89,222r49hc3k
vq2s46jm8u,sj19k47933
db7vm4451v,qz22b8wv85
m901z4379g,8k74t6gc7p
8c9r20t407,pz51g0kd03
r20rr1qc5k,gh9b56dv2b
0c4sj1bc59,t727941r05
bn9u05z51s,jq0sq8r67k
h12v40kw34,w950g3j60k
b853f4mm1h,2v2c825722
6h4cn6zv0b,tb0up6w493
z31ng4hu34,f18sb3uv36
d21rf5mb5m,ht2g73836r
0v89g5h60h,4m91834z4c
7d2q52g66b,zw18k7643t
6d5p844p5j,2n4zg6gu32
pg1hh6d723,dz02z13p9p
1n7uk85d2h,959c53fu61
hq3rv0dz2v,s756d5qg56
4f1mg7gn5n,cz3222s59c
mg7fq9r64s,bz6154fn9w
3f4kk95471,v11vd6q680
p843r0qu4m,kh0dv1dp2t
1j9765b811,901zc7sn1q
n872v2dd4c,s17sn0256r
cr5n873w3p,0k26970q9s
tt4fn11w9c,zk55d8pp1q
9w08w3907n,fn10p0ur8c
639k35n73p,2b8v980g1d
jd4pk0810p,st7dr2qd0d
8w3804zg45,dn3zs2m77q
542j679q2u,wm13n21n2f
n58cf9k83p,ru9377713h
cn6uw48q77,7w6736mz50
445h990630,0c4sj1bf2u
m61bk17r21,vq2s46j857
bn9u05z67u,348gf0np51
k649p2u70z,ff3kw58f8h
5u2599zu53,9p2w37mp65
ug9f47j083,sq8qb9w759
df6k06uu8z,j678s4kq0g
513tt4gk0w,8p5v69958j
183416ts9s,wh2d796g7b
rr1pg1jq4n,n00zp3wz26
rn3028qk1f,h41jh3f19h
7m03u84h37,3t9d50gr1z
vd6nz81t4h,028pc2v01c
qn5z60d244,g44hm53h8q
6m3319t03u,bc3st7fr5u
z60bv7c26k,2v2c82573c
td9n29q96t,pn8u922j4n
jw86h4ds0n,f47gq6s07z
8w3804zq8b,0g3gu45n8m
sq8qb9vz2u,0c4sj1b489
jw86h4h35d,1c1td9ns49
057cr5p897,9c6ru96k0c
rj48p5w894,1v5bc3u174,vd6nz81z95
sf2m61g403,qn5z60d68g
kw57d2rf5s,d50ft8ht1w
8c9r20w205,g44hm53p3j
bg2h70926c,0v89g5kh51
rf5k934k8t,6q1sf2n94w
mp4vh5gt51,2z12n50j2q
7d2q52jj11,td9n29qg1n
jw86h4du6m,3n20c4wr85
qf8jd4t272,f76639m97r
1z41r6p128,kp7tm7595s
6d5p84710g,u639z91q27
np1wd3r56z,2r3nv9dd2h
pg1hh6gj7m,4m91835398
jq0sq8ts6f,0v89g5hb6g
5h7br8qn49,gt5fb4ur1w
hq3rv0h88u,7d2q52gc0v
8911n81w7n,3n20c4tk89
kk9474804f,0r9m32rc2t
w08w954221,b56d21sm3z
gt5fb50u28,2n4zg6h298
c24qj7c49k,uw47p8vr93
zs2k64f954,pc2t43k765
jm23b5ug4s,v11vd6sj40
kk9474b55m,dz02z13v5t
cn6uw48j9g,dj58c9vd7d
542j67d17p,r49g44jz6v
gq6qz23k8k,wm13n23z6n
rv0cv4g661,bz6154ft6b
fq9q23s27z,hd7np20t5q
9z9086495s,445h992h8h
vm42r3sf7h,2f7jq0ts28
up6tu36g14,m61bk1b27s
bn9u061j2t,p843r0r300
348gf0r09g,dr2p55fj7h
pz51g0n99j,901zc7ss52
1g0ht2h80f,ff3kw5bs4h
5u25b0281n,ws8hd7q35b
ud0qr4s57c,n872v2dk1t
sq8qb9zk19,cr5n87418k
804ug9g85t,nz80k29s7f
vt1gh9ck66,j678s4p157
r20rr1qt4v,df6k071833
gh9b56f90j,8p5v69ch37
bn9u05z20n,cf9j38pr4q
zc7rn33q3t,zg6g15vc0r
pz51g0jt61,251fj2dh24
ff3kw58917,nv9959gn5f
9p2w37mj06,wd3pv6fn9h
610vq2su12,h41jh3hc74
ug9f47hv08,7p8tb12061
bg2h70c795,sq8qb9w27j
j678s4kj2q,z60bv7fd2k
8s4jm2454k,k06ww7b82z
u639z91v86,9c6ru94j7s
0p0wp9v674,r49g44k427
bz6154g01d,gm81j98k8d
zk55d8q20p,gm81j98r93
3b5w66bg3c,3b5w66bc0m
gu44q7rs3z,125q81644z
7w6736n09r,ms3jw8891k
6w96689h12,h41jh3fp3w,tq5r786t12
z31ng4hp36,6h4cn6zm0d
cc0tq5su03,2804u55c2q
8s4jm24c6v,3t9d50hc5d
183416tv4s,028pc2vm48
kw57d2ru5n,h707w6876d
g44hm5453n,416su65345
bc3st7gd0v,qr4nk37797
319s17tk20,6m3319tm8f
pr7mp4wq9j,2v2c825v7k
z31ng4jj7k,9k45q4sk8r
tb0up6ws4s,4t6f18t95v
pn8u923583,h41jh3f336
qn5z60d39z,f47gq6sn2n
6m3319t192,9c6ru94w0c
td9n29qc1t,1v5bc3vb74
gt5fb4un87,7940r9n427
rf5k932h37,gu44q7s00u
0k26970g30,4b2u34n76g
r20rr1qd1m,u05u63c75z
m901z42n0r,c24qj78t1w
736m03zg9k,t14th8cp5k
tt4fn11n3k,3b5w669z9v
hd7np1uk0j,kd1qf8k83j
k35m902t1r,nk3610u77r
